dt,LINK_LENGTH_1,LINK_LENGTH_2,LINK_MASS_1,LINK_MASS_2,LINK_COM_POS_1,LINK_COM_POS_2,LINK_MOI,MAX_VEL_1,MAX_VEL_2,book_or_nips,torque_noise_max,AVAIL_TORQUE,_source_sha256,_source_lines,mutation,package,version,env_id,python,numpy,n_traj,n_steps,ic_seed,tag,tau,gravity,masscart,masspole,total_mass,length,polemass_length,force_mag,kinematics_integrator,theta_threshold_radians,x_threshold,frame_skip,min_position,max_position,max_speed,goal_position,force,power,g,m,l,max_torque
0.2,1.0,1.0,1.0,1.0,0.5,0.5,1.0,12.566370614359172,28.274333882308138,book,0.0,"[-1.0, 0.0, 1]",5cdb5a3eac9aa5ba460653215c83ba7c3a50e8524d28f162823f7bb6da096f33,319,,gym,0.23.1,Acrobot-v1,3.10.20,1.23.5,8,500,12345,gym-0.23.1,,,,,,,,,,,,,,,,,,,,,,
0.2,1.0,1.0,1.0,1.0,0.5,0.5,1.0,12.566370614359172,28.274333882308138,book,0.0,"[-1.0, 0.0, 1]",a0859ebfa447c06506a56d9fa0bfaf2dd7a9363b404512dd85c101c274317281,358,,gym,0.25.2,Acrobot-v1,3.10.20,1.23.5,8,500,12345,gym-0.25.2,,,,,,,,,,,,,,,,,,,,,,
0.2,1.0,1.0,1.0,1.0,0.5,0.5,1.0,12.566370614359172,28.274333882308138,book,0.0,"[-1.0, 0.0, 1]",d97641bf4ead8067a0c44671f52262a448684e515ec5d4b238fb4f4e3429fb1b,350,,gym,0.26.2,Acrobot-v1,3.10.20,1.26.4,8,500,12345,gym-0.26.2,,,,,,,,,,,,,,,,,,,,,,
0.2,1.0,1.0,1.0,1.0,0.5,0.5,1.0,12.566370614359172,28.274333882308138,book,0.0,"[-1.0, 0.0, 1]",aff105e5aa109d41f1ecb3a74e0eeee80ba815764fd9a9b8cfedcb2983289fbb,353,,gymnasium,0.26.3,Acrobot-v1,3.10.20,1.26.4,8,500,12345,gymnasium-0.26.3,,,,,,,,,,,,,,,,,,,,,,
0.2,1.0,1.0,1.0,1.0,0.5,0.5,1.0,12.566370614359172,28.274333882308138,book,0.0,"[-1.0, 0.0, 1]",c3c4c6b2db367668c2a91ca8138390fa89d2068069760486d70c9fe475878f50,354,,gymnasium,0.27.1,Acrobot-v1,3.10.20,1.26.4,8,500,12345,gymnasium-0.27.1,,,,,,,,,,,,,,,,,,,,,,
0.2,1.0,1.0,1.0,1.0,0.5,0.5,1.0,12.566370614359172,28.274333882308138,book,0.0,"[-1.0, 0.0, 1]",a41cb0d21146e64550da6fd6afc18c782132a1f8a88f69f1bcab7f3fb349d65d,354,,gymnasium,0.28.1,Acrobot-v1,3.10.20,1.26.4,8,500,12345,gymnasium-0.28.1,,,,,,,,,,,,,,,,,,,,,,
0.2,1.0,1.0,1.0,1.0,0.5,0.5,1.0,12.566370614359172,28.274333882308138,book,0.0,"[-1.0, 0.0, 1]",a41cb0d21146e64550da6fd6afc18c782132a1f8a88f69f1bcab7f3fb349d65d,354,,gymnasium,0.29.1,Acrobot-v1,3.10.20,1.26.4,8,500,12345,gymnasium-0.29.1,,,,,,,,,,,,,,,,,,,,,,
0.2,1.0,1.0,1.0,1.0,0.5,0.5,1.0,12.566370614359172,28.274333882308138,book,0.0,"[-1.0, 0.0, 1]",4355b46c8b2729ae37132e9d1fa422d38952af8083099f9711185bbf1d36b3c7,351,,gymnasium,1.0.0,Acrobot-v1,3.10.20,1.26.4,8,500,12345,gymnasium-1.0.0,,,,,,,,,,,,,,,,,,,,,,
0.2,1.0,1.0,1.0,1.0,0.5,0.5,1.0,12.566370614359172,28.274333882308138,book,0.0,"[-1.0, 0.0, 1]",4355b46c8b2729ae37132e9d1fa422d38952af8083099f9711185bbf1d36b3c7,351,,gymnasium,1.1.1,Acrobot-v1,3.10.20,1.26.4,8,500,12345,gymnasium-1.1.1,,,,,,,,,,,,,,,,,,,,,,
0.2,1.0,1.0,1.0,1.0,0.5,0.5,1.0,12.566370614359172,28.274333882308138,book,0.0,"[-1.0, 0.0, 1]",da2cd974e2d0ed78aa54014df8f16d9ad7dd473901200f2493df73771ad4e95e,351,,gymnasium,1.2.3,Acrobot-v1,3.10.20,1.26.4,8,500,12345,gymnasium-1.2.3,,,,,,,,,,,,,,,,,,,,,,
0.2,1.0,1.0,1.0,1.0,0.5,0.5,1.0,12.566370614359172,28.274333882308138,book,0.0,"[-1.0, 0.0, 1]",55c1959df6287647373b4ce663b6fcbe59d99cf7d178ff1b6449c8482bbc2bae,348,,gymnasium,1.3.0,Acrobot-v1,3.10.20,1.26.4,8,500,12345,gymnasium-1.3.0,,,,,,,,,,,,,,,,,,,,,,
,,,,,,,,,,,,,be64f634374a3657d20326ac19b82a17f7ba43f56c5dea561b10f20f038d67ff,257,,gym,0.23.1,CartPole-v1,3.10.20,1.23.5,8,500,12345,gym-0.23.1,0.02,9.8,1.0,0.1,1.1,0.5,0.05,10.0,euler,0.20943951023931953,2.4,,,,,,,,,,,
,,,,,,,,,,,,,67eaabd91d5d723bb10cffba2c8f8b94f2cb949f95aa2afea789e7e96eac25cd,298,,gym,0.25.2,CartPole-v1,3.10.20,1.23.5,8,500,12345,gym-0.25.2,0.02,9.8,1.0,0.1,1.1,0.5,0.05,10.0,euler,0.20943951023931953,2.4,,,,,,,,,,,
,,,,,,,,,,,,,d2bce13476fda7c0af6ab0b14b3fe69b4b0d566b06b0b3e5db437d360de95a85,296,,gym,0.26.2,CartPole-v1,3.10.20,1.26.4,8,500,12345,gym-0.26.2,0.02,9.8,1.0,0.1,1.1,0.5,0.05,10.0,euler,0.20943951023931953,2.4,,,,,,,,,,,
,,,,,,,,,,,,,e5a36eac72f7fbc12cdccf2975b77e7a231275beabc739f1b7d7969d559c2837,298,,gymnasium,0.26.3,CartPole-v1,3.10.20,1.26.4,8,500,12345,gymnasium-0.26.3,0.02,9.8,1.0,0.1,1.1,0.5,0.05,10.0,euler,0.20943951023931953,2.4,,,,,,,,,,,
,,,,,,,,,,,,,86a815c1d13af3bd03ca5fba117713db65d6591a7b10b5698d6364a9178c02af,297,,gymnasium,0.27.1,CartPole-v1,3.10.20,1.26.4,8,500,12345,gymnasium-0.27.1,0.02,9.8,1.0,0.1,1.1,0.5,0.05,10.0,euler,0.20943951023931953,2.4,,,,,,,,,,,
,,,,,,,,,,,,,41eac0901ef69da5077a122e8ef36de57a6e5e59d1a818f3d96a5687d0e7b43e,298,,gymnasium,0.28.1,CartPole-v1,3.10.20,1.26.4,8,500,12345,gymnasium-0.28.1,0.02,9.8,1.0,0.1,1.1,0.5,0.05,10.0,euler,0.20943951023931953,2.4,,,,,,,,,,,
,,,,,,,,,,,,,e15054237148408465a740071420babbdcc5230a5b9d0ad631c5f25f2db36253,298,,gymnasium,0.29.1,CartPole-v1,3.10.20,1.26.4,8,500,12345,gymnasium-0.29.1,0.02,9.8,1.0,0.1,1.1,0.5,0.05,10.0,euler,0.20943951023931953,2.4,,,,,,,,,,,
,,,,,,,,,,,,,571c70d82b92eb9c02725a8b58cd581460f5235eb7014f303bcdb14fb6233753,332,,gymnasium,1.0.0,CartPole-v1,3.10.20,1.26.4,8,500,12345,gymnasium-1.0.0,0.02,9.8,1.0,0.1,1.1,0.5,0.05,10.0,euler,0.20943951023931953,2.4,,,,,,,,,,,
,,,,,,,,,,,,,571c70d82b92eb9c02725a8b58cd581460f5235eb7014f303bcdb14fb6233753,332,,gymnasium,1.1.1,CartPole-v1,3.10.20,1.26.4,8,500,12345,gymnasium-1.1.1,0.02,9.8,1.0,0.1,1.1,0.5,0.05,10.0,euler,0.20943951023931953,2.4,,,,,,,,,,,
,,,,,,,,,,,,,fedd5c7bb2b15562f1aa92707c75ee30c9ff19a65777a1989e5fa6ff6ec447e0,332,,gymnasium,1.2.3,CartPole-v1,3.10.20,1.26.4,8,500,12345,gymnasium-1.2.3,0.02,9.8,1.0,0.1,1.1,0.5,0.05,10.0,euler,0.20943951023931953,2.4,,,,,,,,,,,
,,,,,,,,,,,,,38ef8f1511c3285c42347f72b9d723d1bb44cee73cfa3898c2512256901039ef,334,,gymnasium,1.3.0,CartPole-v1,3.10.20,1.26.4,8,500,12345,gymnasium-1.3.0,0.02,9.8,1.0,0.1,1.1,0.5,0.05,10.0,euler,0.20943951023931953,2.4,,,,,,,,,,,
0.05,,,,,,,,,,,,,e52a873e68f1354283832070ac7097d9246e7078ca633237e95527036fc51d76,165,,gymnasium,0.29.1,InvertedDoublePendulum-v4,3.10.20,1.26.4,8,500,12345,mj-gymnasium-0.29.1-mujoco-2.3.7,,,,,,,,,,,,5.0,,,,,,,,,,
0.05,,,,,,,,,,,,,1925323c70b1e1bbf537ef4f31353c672d5778ecaa5e4c040d6a16b73d289b0b,55,,gymnasium,1.0.0,InvertedDoublePendulum-v4,3.10.20,1.26.4,8,500,12345,mj-gymnasium-1.0.0-mujoco-3.1.6,,,,,,,,,,,,5.0,,,,,,,,,,
0.05,,,,,,,,,,,,,15e0d750017f50f2a2794e5f870702543c9d9c30228541a0ece143e839385714,56,,gymnasium,1.2.3,InvertedDoublePendulum-v4,3.10.20,1.26.4,8,500,12345,mj-gymnasium-1.2.3-mujoco-3.2.7,,,,,,,,,,,,5.0,,,,,,,,,,
0.05,,,,,,,,,,,,,15e0d750017f50f2a2794e5f870702543c9d9c30228541a0ece143e839385714,56,,gymnasium,1.3.0,InvertedDoublePendulum-v4,3.10.20,1.26.4,8,500,12345,mj-gymnasium-1.3.0-mujoco-3.10.0,,,,,,,,,,,,5.0,,,,,,,,,,
0.05,,,,,,,,,,,,,15e0d750017f50f2a2794e5f870702543c9d9c30228541a0ece143e839385714,56,,gymnasium,1.3.0,InvertedDoublePendulum-v4,3.10.20,1.26.4,8,500,12345,mj-gymnasium-1.3.0-mujoco-3.1.6,,,,,,,,,,,,5.0,,,,,,,,,,
0.05,,,,,,,,,,,,,15e0d750017f50f2a2794e5f870702543c9d9c30228541a0ece143e839385714,56,,gymnasium,1.3.0,InvertedDoublePendulum-v4,3.10.20,1.26.4,8,500,12345,mj-gymnasium-1.3.0-mujoco-3.2.7,,,,,,,,,,,,5.0,,,,,,,,,,
0.05,,,,,,,,,,,,,1b542e92199a852502d0a3cc6a7f2d22ad976dc1a7d2322a6358ccba653c9248,217,,gymnasium,1.0.0,InvertedDoublePendulum-v5,3.10.20,1.26.4,8,500,12345,mj-gymnasium-1.0.0-mujoco-3.1.6,,,,,,,,,,,,5.0,,,,,,,,,,
0.05,,,,,,,,,,,,,284295d92f8b4a7ebd88d7c73808088d1b676a8df26dcd07d4577d1488993ad2,219,,gymnasium,1.2.3,InvertedDoublePendulum-v5,3.10.20,1.26.4,8,500,12345,mj-gymnasium-1.2.3-mujoco-3.2.7,,,,,,,,,,,,5.0,,,,,,,,,,
0.05,,,,,,,,,,,,,c7fd3ed2b4429ed77ca0e76d45d75fcf33552066e2ce2daa8e36a80a0eb48431,219,,gymnasium,1.3.0,InvertedDoublePendulum-v5,3.10.20,1.26.4,8,500,12345,mj-gymnasium-1.3.0-mujoco-3.10.0,,,,,,,,,,,,5.0,,,,,,,,,,
0.05,,,,,,,,,,,,,c7fd3ed2b4429ed77ca0e76d45d75fcf33552066e2ce2daa8e36a80a0eb48431,219,,gymnasium,1.3.0,InvertedDoublePendulum-v5,3.10.20,1.26.4,8,500,12345,mj-gymnasium-1.3.0-mujoco-3.1.6,,,,,,,,,,,,5.0,,,,,,,,,,
0.05,,,,,,,,,,,,,c7fd3ed2b4429ed77ca0e76d45d75fcf33552066e2ce2daa8e36a80a0eb48431,219,,gymnasium,1.3.0,InvertedDoublePendulum-v5,3.10.20,1.26.4,8,500,12345,mj-gymnasium-1.3.0-mujoco-3.2.7,,,,,,,,,,,,5.0,,,,,,,,,,
0.04,,,,,,,,,,,,,c9f4db52b75466d31b416bcce948343166ccce96928e2aaaa374350d0f081016,124,,gymnasium,0.29.1,InvertedPendulum-v4,3.10.20,1.26.4,8,500,12345,mj-gymnasium-0.29.1-mujoco-2.3.7,,,,,,,,,,,,2.0,,,,,,,,,,
0.04,,,,,,,,,,,,,39be9783f43b0d31a93a3e4ec8ebe97d59b1e1636f08aabd1a6fc957a842fe8d,44,,gymnasium,1.0.0,InvertedPendulum-v4,3.10.20,1.26.4,8,500,12345,mj-gymnasium-1.0.0-mujoco-3.1.6,,,,,,,,,,,,2.0,,,,,,,,,,
0.04,,,,,,,,,,,,,6cb036234a8a28122857da93c94d71c54de7c3fd2dc2f7b5fb5544a3eb9d87a3,45,,gymnasium,1.2.3,InvertedPendulum-v4,3.10.20,1.26.4,8,500,12345,mj-gymnasium-1.2.3-mujoco-3.2.7,,,,,,,,,,,,2.0,,,,,,,,,,
0.04,,,,,,,,,,,,,6cb036234a8a28122857da93c94d71c54de7c3fd2dc2f7b5fb5544a3eb9d87a3,45,,gymnasium,1.3.0,InvertedPendulum-v4,3.10.20,1.26.4,8,500,12345,mj-gymnasium-1.3.0-mujoco-3.10.0,,,,,,,,,,,,2.0,,,,,,,,,,
0.04,,,,,,,,,,,,,6cb036234a8a28122857da93c94d71c54de7c3fd2dc2f7b5fb5544a3eb9d87a3,45,,gymnasium,1.3.0,InvertedPendulum-v4,3.10.20,1.26.4,8,500,12345,mj-gymnasium-1.3.0-mujoco-3.1.6,,,,,,,,,,,,2.0,,,,,,,,,,
0.04,,,,,,,,,,,,,6cb036234a8a28122857da93c94d71c54de7c3fd2dc2f7b5fb5544a3eb9d87a3,45,,gymnasium,1.3.0,InvertedPendulum-v4,3.10.20,1.26.4,8,500,12345,mj-gymnasium-1.3.0-mujoco-3.2.7,,,,,,,,,,,,2.0,,,,,,,,,,
0.04,,,,,,,,,,,,,e0abcefd913d41357452f0cdfee97796b24f71109f108d5c426856ecd4d7cbb3,173,,gymnasium,1.0.0,InvertedPendulum-v5,3.10.20,1.26.4,8,500,12345,mj-gymnasium-1.0.0-mujoco-3.1.6,,,,,,,,,,,,2.0,,,,,,,,,,
0.04,,,,,,,,,,,,,eaf3b5a3e742e8981ce69ed890d14a626329f434d7c311d0859b0cdefa84180d,175,,gymnasium,1.2.3,InvertedPendulum-v5,3.10.20,1.26.4,8,500,12345,mj-gymnasium-1.2.3-mujoco-3.2.7,,,,,,,,,,,,2.0,,,,,,,,,,
0.04,,,,,,,,,,,,,eaf3b5a3e742e8981ce69ed890d14a626329f434d7c311d0859b0cdefa84180d,175,,gymnasium,1.3.0,InvertedPendulum-v5,3.10.20,1.26.4,8,500,12345,mj-gymnasium-1.3.0-mujoco-3.10.0,,,,,,,,,,,,2.0,,,,,,,,,,
0.04,,,,,,,,,,,,,eaf3b5a3e742e8981ce69ed890d14a626329f434d7c311d0859b0cdefa84180d,175,,gymnasium,1.3.0,InvertedPendulum-v5,3.10.20,1.26.4,8,500,12345,mj-gymnasium-1.3.0-mujoco-3.1.6,,,,,,,,,,,,2.0,,,,,,,,,,
0.04,,,,,,,,,,,,,eaf3b5a3e742e8981ce69ed890d14a626329f434d7c311d0859b0cdefa84180d,175,,gymnasium,1.3.0,InvertedPendulum-v5,3.10.20,1.26.4,8,500,12345,mj-gymnasium-1.3.0-mujoco-3.2.7,,,,,,,,,,,,2.0,,,,,,,,,,
,,,,,,,,,,,,,e4453b6ac8bbd096e1ff568f21f9a3946f1bdd19a2b198f361c9f45e1dcc2914,231,,gym,0.23.1,MountainCar-v0,3.10.20,1.23.5,8,500,12345,gym-0.23.1,,0.0025,,,,,,,,,,,-1.2,0.6,0.07,0.5,0.001,,,,,
,,,,,,,,,,,,,a25d89670a3a6f58be0f6b8ef7530d9609d6723692b63f322d0fe83e8f3156ca,269,,gym,0.25.2,MountainCar-v0,3.10.20,1.23.5,8,500,12345,gym-0.25.2,,0.0025,,,,,,,,,,,-1.2,0.6,0.07,0.5,0.001,,,,,
,,,,,,,,,,,,,c18a3f26a51555cce25ed8e069bef6b3ea6e6a81f552c1d037fb4c4e7bb283d3,267,,gym,0.26.2,MountainCar-v0,3.10.20,1.26.4,8,500,12345,gym-0.26.2,,0.0025,,,,,,,,,,,-1.2,0.6,0.07,0.5,0.001,,,,,
,,,,,,,,,,,,,0d7297dd88a39e35be86bda113d72ac6f221c01a127b466cef8672387f69855e,270,,gymnasium,0.26.3,MountainCar-v0,3.10.20,1.26.4,8,500,12345,gymnasium-0.26.3,,0.0025,,,,,,,,,,,-1.2,0.6,0.07,0.5,0.001,,,,,
,,,,,,,,,,,,,4329abc70c7c7629c3ec86a98d7d0a8760885ef412871ac03f3b8ea6e8b3c11d,269,,gymnasium,0.27.1,MountainCar-v0,3.10.20,1.26.4,8,500,12345,gymnasium-0.27.1,,0.0025,,,,,,,,,,,-1.2,0.6,0.07,0.5,0.001,,,,,
,,,,,,,,,,,,,4329abc70c7c7629c3ec86a98d7d0a8760885ef412871ac03f3b8ea6e8b3c11d,269,,gymnasium,0.28.1,MountainCar-v0,3.10.20,1.26.4,8,500,12345,gymnasium-0.28.1,,0.0025,,,,,,,,,,,-1.2,0.6,0.07,0.5,0.001,,,,,
,,,,,,,,,,,,,4329abc70c7c7629c3ec86a98d7d0a8760885ef412871ac03f3b8ea6e8b3c11d,269,,gymnasium,0.29.1,MountainCar-v0,3.10.20,1.26.4,8,500,12345,gymnasium-0.29.1,,0.0025,,,,,,,,,,,-1.2,0.6,0.07,0.5,0.001,,,,,
,,,,,,,,,,,,,1822f4e6f839516c22077bafc1cc11beebd86c7b6005d717b26f00c39ee99b1f,274,,gymnasium,1.0.0,MountainCar-v0,3.10.20,1.26.4,8,500,12345,gymnasium-1.0.0,,0.0025,,,,,,,,,,,-1.2,0.6,0.07,0.5,0.001,,,,,
,,,,,,,,,,,,,1822f4e6f839516c22077bafc1cc11beebd86c7b6005d717b26f00c39ee99b1f,274,,gymnasium,1.1.1,MountainCar-v0,3.10.20,1.26.4,8,500,12345,gymnasium-1.1.1,,0.0025,,,,,,,,,,,-1.2,0.6,0.07,0.5,0.001,,,,,
,,,,,,,,,,,,,d584258f128e61e972263426adeff4fffd9e9a0dce61bbd9233962d55d988081,274,,gymnasium,1.2.3,MountainCar-v0,3.10.20,1.26.4,8,500,12345,gymnasium-1.2.3,,0.0025,,,,,,,,,,,-1.2,0.6,0.07,0.5,0.001,,,,,
,,,,,,,,,,,,,bed40c8cd8c8dd7984979dc5a0cb4d21cab6409286eb43a99dfe7383de5af051,274,,gymnasium,1.3.0,MountainCar-v0,3.10.20,1.26.4,8,500,12345,gymnasium-1.3.0,,0.0025,,,,,,,,,,,-1.2,0.6,0.07,0.5,0.001,,,,,
,,,,,,,,,,,,,4e24c5f6d5806d0e1edbbc7e3729288c533bf91bf777e1e0b7faf61d5ca50799,240,,gym,0.23.1,MountainCarContinuous-v0,3.10.20,1.23.5,8,500,12345,gym-0.23.1,,,,,,,,,,,,,-1.2,0.6,0.07,0.45,,0.0015,,,,
,,,,,,,,,,,,,24756729c49d97ffe684a58984ce61b17a12b3eb972d4b8f5c332b2be5acb059,281,,gym,0.25.2,MountainCarContinuous-v0,3.10.20,1.23.5,8,500,12345,gym-0.25.2,,,,,,,,,,,,,-1.2,0.6,0.07,0.45,,0.0015,,,,
,,,,,,,,,,,,,4af29634b4cbe2e3c00df5373e43fa28788bfffd5f16706c84d60efc124c91a6,274,,gym,0.26.2,MountainCarContinuous-v0,3.10.20,1.26.4,8,500,12345,gym-0.26.2,,,,,,,,,,,,,-1.2,0.6,0.07,0.45,,0.0015,,,,
,,,,,,,,,,,,,98df4180c204538a63ca07225ad08d67dc9fdd7f2a2638cfeacb8259eddbce57,278,,gymnasium,0.26.3,MountainCarContinuous-v0,3.10.20,1.26.4,8,500,12345,gymnasium-0.26.3,,,,,,,,,,,,,-1.2,0.6,0.07,0.45,,0.0015,,,,
,,,,,,,,,,,,,98882a50a7d0ebb183135294e4ec17cbeccf25c2908a33c97134008059f95c86,279,,gymnasium,0.27.1,MountainCarContinuous-v0,3.10.20,1.26.4,8,500,12345,gymnasium-0.27.1,,,,,,,,,,,,,-1.2,0.6,0.07,0.45,,0.0015,,,,
,,,,,,,,,,,,,dac8b764e5b394cf55b1ca77e491846a42065c25a1b4ba3d945aa2cb5f653cd9,278,,gymnasium,0.28.1,MountainCarContinuous-v0,3.10.20,1.26.4,8,500,12345,gymnasium-0.28.1,,,,,,,,,,,,,-1.2,0.6,0.07,0.45,,0.0015,,,,
,,,,,,,,,,,,,dac8b764e5b394cf55b1ca77e491846a42065c25a1b4ba3d945aa2cb5f653cd9,278,,gymnasium,0.29.1,MountainCarContinuous-v0,3.10.20,1.26.4,8,500,12345,gymnasium-0.29.1,,,,,,,,,,,,,-1.2,0.6,0.07,0.45,,0.0015,,,,
,,,,,,,,,,,,,4fe021cab25084dab7f4cce5224ce22d5bc089c6009971230dd61ab90f44d684,284,,gymnasium,1.0.0,MountainCarContinuous-v0,3.10.20,1.26.4,8,500,12345,gymnasium-1.0.0,,,,,,,,,,,,,-1.2,0.6,0.07,0.45,,0.0015,,,,
,,,,,,,,,,,,,c0567286899d55a00e508fd896ee5de35d7c467a7d1a19a87d00f49f1abfffec,284,,gymnasium,1.1.1,MountainCarContinuous-v0,3.10.20,1.26.4,8,500,12345,gymnasium-1.1.1,,,,,,,,,,,,,-1.2,0.6,0.07,0.45,,0.0015,,,,
,,,,,,,,,,,,,6914136d4cd8448da062f80f3b9ca4fdc19a1fb37b6428fe9ed332328d16630f,284,,gymnasium,1.2.3,MountainCarContinuous-v0,3.10.20,1.26.4,8,500,12345,gymnasium-1.2.3,,,,,,,,,,,,,-1.2,0.6,0.07,0.45,,0.0015,,,,
,,,,,,,,,,,,,1a761947c6dd1d4a10c15fd67df381b68134479186a5d149852fa99db27aba69,284,,gymnasium,1.3.0,MountainCarContinuous-v0,3.10.20,1.26.4,8,500,12345,gymnasium-1.3.0,,,,,,,,,,,,,-1.2,0.6,0.07,0.45,,0.0015,,,,
0.05,,,,,,,,,,,,,1d7eecc45fd2daf42bc208c10692174b5dfa2aaa84918a6749247dd31907f534,211,,gym,0.23.1,Pendulum-v1,3.10.20,1.23.5,8,500,12345,gym-0.23.1,,,,,,,,,,,,,,,8.0,,,,10.0,1.0,1.0,2.0
0.05,,,,,,,,,,,,,17e6628a03d91ef334ce1560be2c5796d97e13448cb3a707ae81a44dd03192e6,258,,gym,0.25.2,Pendulum-v1,3.10.20,1.23.5,8,500,12345,gym-0.25.2,,,,,,,,,,,,,,,8.0,,,,10.0,1.0,1.0,2.0
0.05,,,,,,,,,,,,,f4078a63800ba3ced33b60cfc29ac202a4be3e493ab7dde7b83cda468c925fcb,251,,gym,0.26.2,Pendulum-v1,3.10.20,1.26.4,8,500,12345,gym-0.26.2,,,,,,,,,,,,,,,8.0,,,,10.0,1.0,1.0,2.0
0.05,,,,,,,,,,,,,b1912877c5ec79bee2b567be414bb2c8c1f0c68e4707f103a6b23f7852f83b0a,255,,gymnasium,0.26.3,Pendulum-v1,3.10.20,1.26.4,8,500,12345,gymnasium-0.26.3,,,,,,,,,,,,,,,8.0,,,,10.0,1.0,1.0,2.0
0.05,,,,,,,,,,,,,b9e97e208bb45d0ec193f0ee8eb4ca4f2f97b3d0f8572c7206f84fe9d76141ec,256,,gymnasium,0.27.1,Pendulum-v1,3.10.20,1.26.4,8,500,12345,gymnasium-0.27.1,,,,,,,,,,,,,,,8.0,,,,10.0,1.0,1.0,2.0
0.05,,,,,,,,,,,,,b9e97e208bb45d0ec193f0ee8eb4ca4f2f97b3d0f8572c7206f84fe9d76141ec,256,,gymnasium,0.28.1,Pendulum-v1,3.10.20,1.26.4,8,500,12345,gymnasium-0.28.1,,,,,,,,,,,,,,,8.0,,,,10.0,1.0,1.0,2.0
0.05,,,,,,,,,,,,,813fd62d5f8e76088a133e0dd0564023a2f8583a060e7ae32fa8f78c34ab64c3,256,,gymnasium,0.29.1,Pendulum-v1,3.10.20,1.26.4,8,500,12345,gymnasium-0.29.1,,,,,,,,,,,,,,,8.0,,,,10.0,1.0,1.0,2.0
0.05,,,,,,,,,,,,,9cdbe24e1174156b5ab1ca9d0d5127db66518ead7fda2de9deb0134711c23df3,264,,gymnasium,1.0.0,Pendulum-v1,3.10.20,1.26.4,8,500,12345,gymnasium-1.0.0,,,,,,,,,,,,,,,8.0,,,,10.0,1.0,1.0,2.0
0.05,,,,,,,,,,,,,9cdbe24e1174156b5ab1ca9d0d5127db66518ead7fda2de9deb0134711c23df3,264,,gymnasium,1.1.1,Pendulum-v1,3.10.20,1.26.4,8,500,12345,gymnasium-1.1.1,,,,,,,,,,,,,,,8.0,,,,10.0,1.0,1.0,2.0
0.05,,,,,,,,,,,,,48023aafe010b8d723c0060526f284bb050931fd96b4a9bce4eee86b12413ea5,264,,gymnasium,1.2.3,Pendulum-v1,3.10.20,1.26.4,8,500,12345,gymnasium-1.2.3,,,,,,,,,,,,,,,8.0,,,,10.0,1.0,1.0,2.0
0.05,,,,,,,,,,,,,48023aafe010b8d723c0060526f284bb050931fd96b4a9bce4eee86b12413ea5,264,,gymnasium,1.3.0,Pendulum-v1,3.10.20,1.26.4,8,500,12345,gymnasium-1.3.0,,,,,,,,,,,,,,,8.0,,,,10.0,1.0,1.0,2.0
0.02,,,,,,,,,,,,,88a4f6e8d67bb66fd7a1281dd3c02a5ab9510915d6ca0ef2f5e6b439af7b7561,180,,gymnasium,0.29.1,Reacher-v4,3.10.20,1.26.4,8,500,12345,mj-gymnasium-0.29.1-mujoco-2.3.7,,,,,,,,,,,,2.0,,,,,,,,,,
0.02,,,,,,,,,,,,,f2fa54a47ec432bb933baecde431c2bbc3f23e515e2ed1a7b859cfe9715a01a6,70,,gymnasium,1.0.0,Reacher-v4,3.10.20,1.26.4,8,500,12345,mj-gymnasium-1.0.0-mujoco-3.1.6,,,,,,,,,,,,2.0,,,,,,,,,,
0.02,,,,,,,,,,,,,7dd17d3c0e7604160930727eda91f89c547a6da42484811a8a00f3466514802b,71,,gymnasium,1.2.3,Reacher-v4,3.10.20,1.26.4,8,500,12345,mj-gymnasium-1.2.3-mujoco-3.2.7,,,,,,,,,,,,2.0,,,,,,,,,,
0.02,,,,,,,,,,,,,7dd17d3c0e7604160930727eda91f89c547a6da42484811a8a00f3466514802b,71,,gymnasium,1.3.0,Reacher-v4,3.10.20,1.26.4,8,500,12345,mj-gymnasium-1.3.0-mujoco-3.10.0,,,,,,,,,,,,2.0,,,,,,,,,,
0.02,,,,,,,,,,,,,7dd17d3c0e7604160930727eda91f89c547a6da42484811a8a00f3466514802b,71,,gymnasium,1.3.0,Reacher-v4,3.10.20,1.26.4,8,500,12345,mj-gymnasium-1.3.0-mujoco-3.1.6,,,,,,,,,,,,2.0,,,,,,,,,,
0.02,,,,,,,,,,,,,7dd17d3c0e7604160930727eda91f89c547a6da42484811a8a00f3466514802b,71,,gymnasium,1.3.0,Reacher-v4,3.10.20,1.26.4,8,500,12345,mj-gymnasium-1.3.0-mujoco-3.2.7,,,,,,,,,,,,2.0,,,,,,,,,,
0.02,,,,,,,,,,,,,84cbd8e49e6a15bc81a3eac56fbab0f7eb7402b1253d9155d38eeda1fe10a907,228,,gymnasium,1.0.0,Reacher-v5,3.10.20,1.26.4,8,500,12345,mj-gymnasium-1.0.0-mujoco-3.1.6,,,,,,,,,,,,2.0,,,,,,,,,,
0.02,,,,,,,,,,,,,4bd093d25523e64701c51811bbf48dca9c2e823cd6d1b1aef29c16646a94808c,230,,gymnasium,1.2.3,Reacher-v5,3.10.20,1.26.4,8,500,12345,mj-gymnasium-1.2.3-mujoco-3.2.7,,,,,,,,,,,,2.0,,,,,,,,,,
0.02,,,,,,,,,,,,,4bd093d25523e64701c51811bbf48dca9c2e823cd6d1b1aef29c16646a94808c,230,,gymnasium,1.3.0,Reacher-v5,3.10.20,1.26.4,8,500,12345,mj-gymnasium-1.3.0-mujoco-3.10.0,,,,,,,,,,,,2.0,,,,,,,,,,
0.02,,,,,,,,,,,,,4bd093d25523e64701c51811bbf48dca9c2e823cd6d1b1aef29c16646a94808c,230,,gymnasium,1.3.0,Reacher-v5,3.10.20,1.26.4,8,500,12345,mj-gymnasium-1.3.0-mujoco-3.1.6,,,,,,,,,,,,2.0,,,,,,,,,,
0.02,,,,,,,,,,,,,4bd093d25523e64701c51811bbf48dca9c2e823cd6d1b1aef29c16646a94808c,230,,gymnasium,1.3.0,Reacher-v5,3.10.20,1.26.4,8,500,12345,mj-gymnasium-1.3.0-mujoco-3.2.7,,,,,,,,,,,,2.0,,,,,,,,,,
