system,parameter,spec_value,relative_error,value,noise,mmd_p,mmd_detect,ks_p,ks_detect,discriminator_auc,discriminator_p,discriminator_detect,screen_detect,screen_localised,screen_exact,target_generator,target_ratio,target_p
acrobot,m2,1.0,0.0001,1.0001,0.0,0.9999000099990001,False,1.0,False,0.5063898177830685,0.3194200098514557,False,True,energy,True,energy,596267.7105364336,0.0002331002331002331
acrobot,m2,1.0,0.0003,1.0003,0.0,0.9999000099990001,False,1.0,False,0.5064058710502788,0.3189987242221832,False,True,energy,True,energy,1788613.677233101,0.0002331002331002331
acrobot,m2,1.0,0.001,1.001,0.0,0.9999000099990001,False,1.0,False,0.5063058468468914,0.32162728905677795,False,True,energy,True,energy,5959842.739191683,0.0002331002331002331
acrobot,m2,1.0,0.003,1.003,0.0,0.9999000099990001,False,1.0,False,0.5062885587129725,0.32208251953125,False,True,energy,True,energy,17860665.028279826,0.0002331002331002331
acrobot,m2,1.0,0.01,1.01,0.0,0.9997000299970003,False,1.0,False,0.5057872028293267,0.33539795875549316,False,True,energy,True,energy,59315922.95411308,0.0002331002331002331
acrobot,m2,1.0,0.03,1.03,0.0,0.9996000399960004,False,1.0,False,0.504719043126485,0.364448219537735,False,True,energy,True,energy,176078300.65980315,0.0002331002331002331
acrobot,m2,1.0,0.1,1.1,0.0,0.9452054794520548,False,0.5579116991470456,False,0.5011465737388306,0.4664579927921295,False,True,energy,True,energy,565960226.2378311,0.0002331002331002331
acrobot,m2,1.0,0.3,1.3,0.0,0.0143985601439856,False,0.00966441769743528,True,0.9628298946411724,0.0,True,True,energy,True,energy,1554113255.700782,0.0002331002331002331
acrobot,g,9.8,0.0001,9.800980000000001,0.0,0.9999000099990001,False,1.0,False,0.5064280986510316,0.3184158504009247,False,True,energy,True,energy,1140454.0231259624,0.0002331002331002331
acrobot,g,9.8,0.0003,9.80294,0.0,0.9999000099990001,False,1.0,False,0.5064602051854523,0.317574679851532,False,True,energy,True,energy,3421080.633628002,0.0002331002331002331
acrobot,g,9.8,0.001,9.8098,0.0,0.9999000099990001,False,1.0,False,0.5064799630527881,0.3170575201511383,False,True,energy,True,energy,11400321.181286668,0.0002331002331002331
acrobot,g,9.8,0.003,9.8294,0.0,0.9999000099990001,False,1.0,False,0.5064318032511571,0.31831875443458557,False,True,energy,True,energy,34172761.11329936,0.0002331002331002331
acrobot,g,9.8,0.01,9.898000000000001,0.0,0.9997000299970003,False,1.0,False,0.5063552415152308,0.32032811641693115,False,True,energy,True,energy,113576953.15160356,0.0002331002331002331
acrobot,g,9.8,0.03,10.094000000000001,0.0,0.9971002899710029,False,1.0,False,0.5065336797546073,0.3156532645225525,False,True,energy,True,energy,337812579.69754237,0.0002331002331002331
acrobot,g,9.8,0.1,10.780000000000001,0.0,0.27877212278772123,False,0.7025389543105758,False,0.5039089705657172,0.38702183961868286,False,True,energy,True,energy,1091034816.0434632,0.0002331002331002331
acrobot,g,9.8,0.3,12.740000000000002,0.0,9.999000099990002e-05,True,7.96756268816562e-05,True,0.9422446666106861,0.0,True,True,energy,True,energy,3057131466.6625886,0.0002331002331002331
acrobot,lc2,0.5,0.0001,0.50005,0.0,0.9999000099990001,False,1.0,False,0.5063521543484596,0.32040923833847046,False,True,energy,True,energy,390859.81836064946,0.0002331002331002331
acrobot,lc2,0.5,0.0003,0.50015,0.0,0.9999000099990001,False,1.0,False,0.5063614158487733,0.32016587257385254,False,True,energy,True,energy,1172351.067955899,0.0002331002331002331
acrobot,lc2,0.5,0.001,0.5005,0.0,0.9999000099990001,False,1.0,False,0.5062762100458876,0.3224078416824341,False,True,energy,True,energy,3905180.026729394,0.0002331002331002331
acrobot,lc2,0.5,0.003,0.5015,0.0,0.9999000099990001,False,1.0,False,0.5061119727736588,0.3267475366592407,False,True,energy,True,energy,11692950.253611663,0.0002331002331002331
acrobot,lc2,0.5,0.01,0.505,0.0,0.9997000299970003,False,1.0,False,0.5054377355508246,0.3448045253753662,False,True,energy,True,energy,38720008.24445958,0.0002331002331002331
acrobot,lc2,0.5,0.03,0.515,0.0,0.9994000599940006,False,1.0,False,0.5041250722397025,0.3809588551521301,False,True,energy,True,energy,114141578.33326946,0.0002331002331002331
acrobot,lc2,0.5,0.1,0.55,0.0,0.7616238376162384,False,0.2026982408727651,False,0.49724439494001016,0.5802212357521057,False,True,energy,True,energy,363688637.5848352,0.0002331002331002331
acrobot,lc2,0.5,0.3,0.65,0.0,9.999000099990002e-05,True,0.00010834984260876285,True,0.9550712271117455,0.0,True,True,energy,True,energy,1160942497.68272,0.0002331002331002331
reacher,l2,0.11,0.0001,0.110011,0.0,0.9677032296770323,False,1.0,False,0.5055902415893229,0.3406873047351837,False,True,fk-x|fk-y,False,fk-x,348462542275.3568,0.0003885003885003885
reacher,l2,0.11,0.0003,0.11003299999999999,0.0,0.9678032196780322,False,1.0,False,0.5055927113227399,0.3406207859516144,False,True,fk-x|fk-y,False,fk-x,1045371682697.035,0.0003885003885003885
reacher,l2,0.11,0.001,0.11010999999999999,0.0,0.9678032196780322,False,1.0,False,0.5055902415893229,0.3406873047351837,False,True,fk-x|fk-y,False,fk-x,3484386239405.527,0.0003885003885003885
reacher,l2,0.11,0.003,0.11032999999999998,0.0,0.9676032396760323,False,1.0,False,0.505580362655655,0.34095343947410583,False,True,fk-x|fk-y,False,fk-x,10451562639162.906,0.0003885003885003885
reacher,l2,0.11,0.01,0.1111,0.0,0.9673032696730327,False,1.0,False,0.5055531955880682,0.3416857123374939,False,True,fk-x|fk-y,False,fk-x,34819883139231.51,0.0003885003885003885
reacher,l2,0.11,0.03,0.1133,0.0,0.9647035296470353,False,1.0,False,0.5052580624447397,0.34967881441116333,False,True,fk-x|fk-y,False,fk-x,104298736913229.9,0.0003885003885003885
reacher,l2,0.11,0.1,0.12100000000000001,0.0,0.9444055594440556,False,1.0,False,0.5046875540254185,0.36531755328178406,False,True,fk-x|fk-y,False,fk-x,345746641178750.5,0.0003885003885003885
reacher,l2,0.11,0.3,0.14300000000000002,0.0,0.6306369363063694,False,1.0,False,0.5025672878869455,0.4252283275127411,False,True,fk-x|fk-y,False,fk-x,1019293121614432.8,0.0003885003885003885
acrobot,m2,1.0,0.0001,1.0001,0.001,0.9999000099990001,False,1.0,False,0.506418837150718,0.3186586797237396,False,False,,False,energy,0.9601622384047511,1.0
acrobot,m2,1.0,0.0003,1.0003,0.001,0.9999000099990001,False,1.0,False,0.50640895821705,0.31891775131225586,False,False,,False,energy,0.9600097943665395,1.0
acrobot,m2,1.0,0.001,1.001,0.001,0.9999000099990001,False,1.0,False,0.5063854957495888,0.31953346729278564,False,False,,False,energy,0.9595986403608339,1.0
acrobot,m2,1.0,0.003,1.003,0.001,0.9999000099990001,False,1.0,False,0.5062052052101497,0.32428109645843506,False,False,,False,energy,0.9594748789990997,1.0
acrobot,m2,1.0,0.01,1.01,0.001,0.9997000299970003,False,1.0,False,0.5057618880618026,0.33607596158981323,False,False,,False,energy,1.033131916383971,0.881118881118881
acrobot,m2,1.0,0.03,1.03,0.001,0.9996000399960004,False,1.0,False,0.5046961980923779,0.3650788366794586,False,False,,False,energy,1.1872656596121178,0.04125874125874126
acrobot,m2,1.0,0.1,1.1,0.001,0.9445055494450555,False,0.5156104738617657,False,0.5012916705770779,0.46222302317619324,False,True,energy,True,energy,2.18824255878488,0.0006993006993006993
acrobot,m2,1.0,0.3,1.3,0.001,0.014298570142985701,False,0.00966441769743528,True,0.9660732720510148,0.0,True,True,energy,True,energy,5.6881505893070115,0.0002331002331002331
acrobot,g,9.8,0.0001,9.800980000000001,0.001,0.9999000099990001,False,1.0,False,0.5064052536169246,0.31901493668556213,False,False,,False,energy,0.9599311538348864,1.0
acrobot,g,9.8,0.0003,9.80294,0.001,0.9999000099990001,False,1.0,False,0.5064287160843859,0.31839966773986816,False,False,,False,energy,0.9593846069838856,1.0
acrobot,g,9.8,0.001,9.8098,0.001,0.9999000099990001,False,1.0,False,0.5064225417508434,0.31856152415275574,False,False,,False,energy,0.9583111384189044,1.0
acrobot,g,9.8,0.003,9.8294,0.001,0.9999000099990001,False,1.0,False,0.506365737882253,0.3200523257255554,False,False,,False,energy,0.9653471963683794,1.0
acrobot,g,9.8,0.01,9.898000000000001,0.001,0.9997000299970003,False,1.0,False,0.506365737882253,0.3200523257255554,False,False,,False,energy,1.088946333732465,0.1745920745920746
acrobot,g,9.8,0.03,10.094000000000001,0.001,0.9971002899710029,False,1.0,False,0.506469466685766,0.3173322081565857,False,True,energy,True,energy,1.5154772230342874,0.0004662004662004662
acrobot,g,9.8,0.1,10.780000000000001,0.001,0.27887211278872115,False,0.7025389543105758,False,0.504136803473433,0.3806305229663849,False,True,energy,True,energy,4.031223928677047,0.0002331002331002331
acrobot,g,9.8,0.3,12.740000000000002,0.001,9.999000099990002e-05,True,9.295991072527456e-05,True,0.9394347274155228,0.0,True,True,energy,True,energy,11.142928850029937,0.0002331002331002331
acrobot,lc2,0.5,0.0001,0.50005,0.001,0.9999000099990001,False,1.0,False,0.5063916700831312,0.31937137246131897,False,False,,False,energy,0.9602478537539555,1.0
acrobot,lc2,0.5,0.0003,0.50015,0.001,0.9999000099990001,False,1.0,False,0.5063904352164227,0.3194037973880768,False,False,,False,energy,0.9602722589880367,1.0
acrobot,lc2,0.5,0.001,0.5005,0.001,0.9999000099990001,False,1.0,False,0.5063422754147917,0.32066893577575684,False,False,,False,energy,0.9605387101149135,1.0
acrobot,lc2,0.5,0.003,0.5015,0.001,0.9999000099990001,False,1.0,False,0.5060977718065112,0.32712388038635254,False,False,,False,energy,0.9628436192774872,1.0
acrobot,lc2,0.5,0.01,0.505,0.001,0.9997000299970003,False,1.0,False,0.5055050357864372,0.3429853022098541,False,False,,False,energy,1.0137743771409802,1.0
acrobot,lc2,0.5,0.03,0.515,0.001,0.9994000599940006,False,1.0,False,0.5039194669327393,0.3867267072200775,False,False,,False,energy,1.1208588859392874,0.10536130536130536
acrobot,lc2,0.5,0.1,0.55,0.001,0.7606239376062394,False,0.2026982408727651,False,0.49680169522501744,0.5928871631622314,False,True,energy,True,energy,1.6829450052073338,0.0002331002331002331
acrobot,lc2,0.5,0.3,0.65,0.001,9.999000099990002e-05,True,9.295991072527456e-05,True,0.9591641928170274,0.0,True,True,energy,True,energy,4.2898212990899385,0.0002331002331002331
reacher,l2,0.11,0.0001,0.110011,0.001,0.9745025497450255,False,1.0,False,0.520576583963527,0.06534125655889511,False,False,,False,fk-x,0.9778674526184666,1.0
reacher,l2,0.11,0.0003,0.11003299999999999,0.001,0.9743025697430256,False,1.0,False,0.5205790536969439,0.06531817466020584,False,False,,False,fk-x,0.9828703233023495,1.0
reacher,l2,0.11,0.001,0.11010999999999999,0.001,0.9739026097390261,False,1.0,False,0.5205518866293573,0.06557254493236542,False,True,fk-y,False,fk-x,1.0353436076517304,0.34226884226884224
reacher,l2,0.11,0.003,0.11032999999999998,0.001,0.9741025897410259,False,1.0,False,0.5205543563627743,0.06554938107728958,False,True,fk-x|fk-y,False,fk-x,1.4059683941989307,0.0003885003885003885
reacher,l2,0.11,0.01,0.1111,0.001,0.9736026397360263,False,1.0,False,0.5206716687000805,0.06445673853158951,False,True,fk-x|fk-y,False,fk-x,3.4948341289967786,0.0003885003885003885
reacher,l2,0.11,0.03,0.1133,0.001,0.9724027597240276,False,1.0,False,0.5203549253893535,0.06743974983692169,False,True,fk-x|fk-y,False,fk-x,10.110841935251145,0.0003885003885003885
reacher,l2,0.11,0.1,0.12100000000000001,0.001,0.9585041495850415,False,1.0,False,0.5198887632068995,0.07202257961034775,False,True,fk-x|fk-y,False,fk-x,33.40590675191462,0.0003885003885003885
reacher,l2,0.11,0.3,0.14300000000000002,0.001,0.7367263273672633,False,1.0,False,0.5183822258225447,0.08847136050462723,False,True,fk-x|fk-y,False,fk-x,98.47631636252737,0.0003885003885003885
