condition,seed,total_steps,final_return,auc_return,n_episodes,seconds,curve_8000,curve_16000,curve_24000,curve_32000,curve_40000,curve_48000,curve_56000,curve_64000,curve_72000,curve_80000,curve_88000,curve_96000,curve_104000,curve_112000,curve_120000
none,0,120000,-84.16666666666667,-177.95777777777778,916,32.97132754325867,-497.5,-494.76666666666665,-298.8666666666667,-153.1,-133.6,-150.76666666666668,-140.56666666666666,-118.4,-112.0,-110.8,-93.96666666666667,-93.7,-92.3,-90.93333333333334,-88.1
none,1,120000,-82.4,-118.86666666666666,1184,32.60874676704407,-391.2,-149.9,-125.9,-112.4,-108.4,-95.83333333333333,-96.6,-93.6,-83.7,-96.03333333333333,-91.83333333333333,-86.26666666666667,-83.2,-88.33333333333333,-79.8
none,2,120000,-92.4,-146.1822222222222,1079,31.726576328277588,-479.0,-390.3666666666667,-155.36666666666667,-121.4,-106.8,-102.23333333333333,-100.06666666666666,-98.7,-104.83333333333333,-94.96666666666667,-94.46666666666667,-86.13333333333334,-83.4,-82.93333333333334,-92.06666666666666
none,3,120000,-81.73333333333333,-181.8266666666667,989,30.436391592025757,-500.0,-500.0,-494.7,-165.16666666666666,-98.53333333333333,-117.06666666666666,-111.43333333333334,-122.56666666666666,-92.76666666666667,-95.33333333333333,-83.43333333333334,-88.13333333333334,-89.76666666666667,-85.73333333333333,-82.76666666666667
none,4,120000,-81.53333333333333,-114.16698412698412,1128,29.40176558494568,-284.07142857142856,-126.66666666666667,-108.93333333333334,-101.53333333333333,-103.5,-100.4,-106.8,-101.33333333333333,-104.06666666666666,-105.56666666666666,-107.9,-92.96666666666667,-98.8,-88.63333333333334,-81.33333333333333
discovered,0,120000,-84.7,-90.7111111111111,1303,40.53460073471069,-133.93333333333334,-99.83333333333333,-92.46666666666667,-93.66666666666667,-96.53333333333333,-94.6,-79.56666666666666,-90.6,-90.9,-79.2,-81.5,-83.53333333333333,-84.86666666666666,-80.73333333333333,-78.73333333333333
discovered,1,120000,-80.36666666666666,-89.47777777777779,1315,42.87893271446228,-136.23333333333332,-93.96666666666667,-93.26666666666667,-90.76666666666667,-86.13333333333334,-87.3,-84.0,-87.43333333333334,-91.23333333333333,-84.26666666666667,-80.96666666666667,-81.6,-85.86666666666666,-81.13333333333334,-78.0
discovered,2,120000,-87.3,-95.94000000000001,1272,41.43510866165161,-160.8,-113.26666666666667,-89.76666666666667,-112.96666666666667,-104.73333333333333,-90.16666666666667,-85.76666666666667,-83.46666666666667,-85.6,-86.16666666666667,-85.06666666666666,-79.03333333333333,-87.16666666666667,-83.9,-91.23333333333333
discovered,3,120000,-81.9,-90.69555555555556,1318,43.49967074394226,-148.53333333333333,-108.6,-92.53333333333333,-88.33333333333333,-81.96666666666667,-82.7,-92.26666666666667,-85.03333333333333,-78.4,-83.0,-86.23333333333333,-80.06666666666666,-91.2,-80.16666666666667,-81.4
discovered,4,120000,-88.43333333333334,-89.69555555555556,1302,44.699034214019775,-129.4,-95.4,-93.26666666666667,-91.76666666666667,-83.86666666666666,-81.1,-84.83333333333333,-87.46666666666667,-84.16666666666667,-86.46666666666667,-94.0,-84.83333333333333,-80.43333333333334,-85.8,-82.63333333333334
faulty_m2_1.1,0,120000,-85.43333333333334,-88.9511111111111,1316,44.78972363471985,-124.3,-95.93333333333334,-93.8,-86.26666666666667,-96.53333333333333,-84.46666666666667,-88.33333333333333,-83.5,-82.93333333333334,-77.83333333333333,-79.53333333333333,-88.06666666666666,-82.36666666666666,-84.66666666666667,-85.73333333333333
faulty_m2_1.1,1,120000,-85.7,-89.83555555555556,1333,43.03166842460632,-133.46666666666667,-105.9,-89.13333333333334,-85.46666666666667,-84.3,-91.43333333333334,-80.86666666666666,-87.93333333333334,-84.26666666666667,-87.76666666666667,-83.83333333333333,-84.6,-86.76666666666667,-81.3,-80.5
faulty_m2_1.1,2,120000,-83.23333333333333,-91.32666666666665,1323,43.22794842720032,-124.76666666666667,-90.73333333333333,-114.33333333333333,-102.56666666666666,-91.03333333333333,-87.56666666666666,-80.66666666666667,-80.93333333333334,-84.13333333333334,-84.3,-82.4,-88.33333333333333,-86.56666666666666,-88.23333333333333,-83.33333333333333
faulty_m2_1.1,3,120000,-84.5,-92.61333333333333,1290,42.82304620742798,-144.9,-113.06666666666666,-99.63333333333334,-86.0,-88.5,-91.43333333333334,-80.93333333333334,-87.56666666666666,-88.4,-81.93333333333334,-89.76666666666667,-89.46666666666667,-80.7,-81.63333333333334,-85.26666666666667
faulty_m2_1.1,4,120000,-79.6,-91.27555555555556,1311,40.41935634613037,-150.33333333333334,-111.56666666666666,-93.56666666666666,-90.5,-81.56666666666666,-85.16666666666667,-85.33333333333333,-87.1,-82.96666666666667,-78.86666666666666,-84.13333333333334,-87.63333333333334,-87.16666666666667,-82.86666666666666,-80.36666666666666
faulty_m2_1.3,0,120000,-81.93333333333334,-90.52000000000001,1311,45.323440074920654,-124.03333333333333,-91.73333333333333,-99.53333333333333,-85.16666666666667,-91.43333333333334,-82.13333333333334,-86.43333333333334,-93.93333333333334,-79.9,-85.2,-84.86666666666666,-84.36666666666666,-92.63333333333334,-94.96666666666667,-81.46666666666667
faulty_m2_1.3,1,120000,-84.7,-87.0422222222222,1341,51.221025228500366,-111.43333333333334,-95.83333333333333,-99.16666666666667,-88.5,-80.56666666666666,-83.93333333333334,-80.06666666666666,-87.63333333333334,-84.3,-84.23333333333333,-83.93333333333334,-83.03333333333333,-81.33333333333333,-80.36666666666666,-81.3
faulty_m2_1.3,2,120000,-86.86666666666666,-87.07111111111112,1356,49.88767600059509,-121.96666666666667,-86.33333333333333,-87.13333333333334,-82.3,-97.23333333333333,-85.06666666666666,-82.46666666666667,-82.06666666666666,-85.56666666666666,-81.63333333333334,-79.1,-79.2,-82.13333333333334,-86.76666666666667,-87.1
faulty_m2_1.3,3,120000,-82.46666666666667,-90.73111111111112,1327,44.32651114463806,-136.03333333333333,-103.96666666666667,-88.96666666666667,-88.5,-86.73333333333333,-82.73333333333333,-81.66666666666667,-88.8,-85.5,-84.56666666666666,-82.26666666666667,-99.43333333333334,-81.66666666666667,-87.3,-82.83333333333333
faulty_m2_1.3,4,120000,-90.5,-87.81555555555558,1323,44.78220891952515,-101.86666666666666,-95.16666666666667,-84.06666666666666,-86.56666666666666,-87.2,-92.73333333333333,-84.96666666666667,-79.03333333333333,-84.93333333333334,-83.43333333333334,-94.13333333333334,-86.76666666666667,-83.73333333333333,-80.66666666666667,-91.96666666666667
faulty_m2_2,0,120000,-92.43333333333334,-89.79777777777778,1309,50.063015937805176,-150.56666666666666,-88.96666666666667,-87.7,-86.46666666666667,-91.26666666666667,-88.96666666666667,-81.36666666666666,-85.93333333333334,-84.3,-81.7,-81.06666666666666,-83.1,-88.03333333333333,-89.4,-78.13333333333334
faulty_m2_2,1,120000,-80.03333333333333,-89.42,1336,46.26487684249878,-123.76666666666667,-99.0,-95.23333333333333,-92.96666666666667,-82.46666666666667,-79.93333333333334,-80.66666666666667,-93.0,-80.76666666666667,-81.76666666666667,-83.7,-87.16666666666667,-87.86666666666666,-87.53333333333333,-85.46666666666667
faulty_m2_2,2,120000,-86.13333333333334,-90.8911111111111,1307,41.902021646499634,-109.23333333333333,-84.4,-94.86666666666666,-90.13333333333334,-82.46666666666667,-83.0,-88.33333333333333,-85.4,-95.93333333333334,-83.33333333333333,-84.3,-87.73333333333333,-108.0,-99.4,-86.83333333333333
faulty_m2_2,3,120000,-94.9,-94.33555555555556,1253,41.949612855911255,-125.46666666666667,-105.16666666666667,-95.23333333333333,-89.36666666666666,-91.43333333333334,-99.73333333333333,-108.7,-86.93333333333334,-89.7,-90.0,-82.26666666666667,-83.7,-84.7,-85.6,-97.03333333333333
faulty_m2_2,4,120000,-92.16666666666667,-89.39555555555556,1318,42.24037480354309,-121.36666666666666,-102.66666666666667,-100.0,-83.8,-90.36666666666666,-87.13333333333334,-92.8,-80.1,-86.73333333333333,-79.93333333333334,-77.73333333333333,-80.86666666666666,-87.5,-85.8,-84.13333333333334
faulty_m2_4,0,120000,-93.63333333333334,-95.93777777777777,1237,51.296441316604614,-151.96666666666667,-108.73333333333333,-102.46666666666667,-90.53333333333333,-89.8,-92.83333333333333,-87.86666666666666,-88.43333333333334,-90.26666666666667,-89.43333333333334,-85.36666666666666,-82.7,-83.06666666666666,-98.46666666666667,-97.13333333333334
faulty_m2_4,1,120000,-81.03333333333333,-96.43333333333334,1241,51.06063795089722,-158.23333333333332,-112.36666666666666,-111.0,-98.8,-93.86666666666666,-89.3,-89.63333333333334,-88.1,-93.46666666666667,-82.03333333333333,-81.06666666666666,-87.16666666666667,-90.33333333333333,-89.46666666666667,-81.66666666666667
faulty_m2_4,2,120000,-88.4,-96.1088888888889,1226,51.27681827545166,-154.9,-107.73333333333333,-104.2,-93.5,-95.8,-100.56666666666666,-94.23333333333333,-92.56666666666666,-91.13333333333334,-89.06666666666666,-89.56666666666666,-82.43333333333334,-83.7,-79.26666666666667,-82.96666666666667
faulty_m2_4,3,120000,-88.76666666666667,-111.39999999999999,1136,50.976980447769165,-231.06666666666666,-126.23333333333333,-118.36666666666666,-110.1,-106.6,-104.23333333333333,-110.5,-83.2,-95.53333333333333,-87.36666666666666,-107.33333333333333,-107.1,-97.26666666666667,-100.46666666666667,-85.63333333333334
faulty_m2_4,4,120000,-88.86666666666666,-102.58000000000001,1206,51.54102039337158,-154.33333333333334,-121.96666666666667,-105.1,-109.13333333333334,-114.36666666666666,-111.03333333333333,-88.33333333333333,-109.56666666666666,-87.0,-86.0,-93.63333333333334,-86.2,-94.4,-88.43333333333334,-89.2
random_0,0,120000,-87.13333333333334,-130.9791919191919,1046,104.03088140487671,-359.95454545454544,-238.1,-155.2,-133.9,-111.43333333333334,-115.13333333333334,-98.2,-109.26666666666667,-99.06666666666666,-107.76666666666667,-88.83333333333333,-90.56666666666666,-85.23333333333333,-87.83333333333333,-84.2
random_0,1,120000,-91.8,-116.06799999999998,1138,104.06573820114136,-317.52,-161.46666666666667,-128.56666666666666,-113.1,-108.86666666666666,-97.5,-88.26666666666667,-87.8,-91.83333333333333,-95.66666666666667,-91.03333333333333,-85.36666666666666,-97.8,-90.33333333333333,-85.9
random_0,2,120000,-85.3,-117.86716049382719,1108,103.55357217788696,-288.74074074074076,-158.16666666666666,-126.26666666666667,-101.9,-101.3,-116.2,-106.1,-89.56666666666666,-100.4,-95.9,-103.2,-103.9,-93.23333333333333,-90.6,-92.53333333333333
random_0,3,120000,-99.8,-129.18031746031747,1020,111.81256198883057,-374.23809523809524,-163.53333333333333,-138.1,-131.4,-122.33333333333333,-109.13333333333334,-124.96666666666667,-116.76666666666667,-99.46666666666667,-91.46666666666667,-99.33333333333333,-89.93333333333334,-95.06666666666666,-92.13333333333334,-89.83333333333333
random_0,4,120000,-83.16666666666667,-251.47185185185188,809,111.46366381645203,-439.94444444444446,-430.56666666666666,-465.53333333333336,-492.56666666666666,-500.0,-500.0,-176.1,-109.86666666666666,-110.3,-111.9,-92.5,-94.23333333333333,-81.66666666666667,-86.43333333333334,-80.46666666666667
randstep_0,0,120000,-84.63333333333334,-166.27916666666667,935,106.16697812080383,-488.6875,-482.73333333333335,-169.36666666666667,-170.36666666666667,-118.3,-127.03333333333333,-135.4,-111.93333333333334,-124.83333333333333,-112.16666666666667,-98.86666666666666,-96.16666666666667,-88.43333333333334,-81.4,-88.5
randstep_0,1,120000,-89.83333333333333,-135.94868686868688,994,103.48050093650818,-359.3636363636364,-161.7,-135.46666666666667,-151.93333333333334,-147.66666666666666,-122.43333333333334,-131.73333333333332,-111.16666666666667,-118.16666666666667,-108.03333333333333,-118.7,-99.76666666666667,-93.8,-89.26666666666667,-90.03333333333333
randstep_0,2,120000,-86.36666666666666,-128.82722222222222,1051,102.90714168548584,-330.875,-226.43333333333334,-162.93333333333334,-109.73333333333333,-105.73333333333333,-113.03333333333333,-126.13333333333334,-114.36666666666666,-102.03333333333333,-99.83333333333333,-91.43333333333334,-89.53333333333333,-92.4,-84.6,-83.33333333333333
randstep_0,3,120000,-84.23333333333333,-189.27555555555557,988,102.88887786865234,-500.0,-500.0,-500.0,-224.06666666666666,-145.9,-151.33333333333334,-101.26666666666667,-93.46666666666667,-97.06666666666666,-90.86666666666666,-89.3,-87.83333333333333,-86.4,-78.03333333333333,-93.6
randstep_0,4,120000,-82.26666666666667,-124.6432679738562,1136,102.88815712928772,-443.88235294117646,-148.96666666666667,-131.0,-111.46666666666667,-103.03333333333333,-102.23333333333333,-105.76666666666667,-99.83333333333333,-89.8,-91.2,-93.26666666666667,-93.46666666666667,-93.8,-79.86666666666666,-82.06666666666666
random_1,0,120000,-97.06666666666666,-132.9543859649123,1035,103.05607771873474,-401.3157894736842,-203.86666666666667,-127.96666666666667,-148.46666666666667,-123.96666666666667,-110.36666666666666,-103.46666666666667,-88.73333333333333,-94.73333333333333,-99.26666666666667,-98.36666666666666,-113.96666666666667,-95.3,-89.36666666666666,-95.16666666666667
random_1,1,120000,-96.26666666666667,-272.23555555555555,721,103.07960271835327,-500.0,-500.0,-500.0,-500.0,-500.0,-484.7,-249.96666666666667,-126.46666666666667,-111.56666666666666,-106.06666666666666,-100.83333333333333,-102.63333333333334,-109.66666666666667,-96.93333333333334,-94.7
random_1,2,120000,-96.06666666666666,-154.45918128654966,952,102.51352334022522,-412.42105263157896,-256.23333333333335,-245.5,-196.6,-145.5,-153.0,-122.26666666666667,-116.83333333333333,-98.1,-107.56666666666666,-90.7,-98.06666666666666,-89.0,-86.5,-98.6
random_1,3,120000,-81.06666666666666,-138.77555555555554,1030,102.61673402786255,-391.4,-250.53333333333333,-172.83333333333334,-150.93333333333334,-163.3,-132.73333333333332,-118.76666666666667,-99.1,-94.96666666666667,-84.56666666666666,-88.8,-86.46666666666667,-84.03333333333333,-80.83333333333333,-82.36666666666666
random_1,4,120000,-96.43333333333334,-146.98250000000002,1015,102.50792264938354,-472.4375,-233.93333333333334,-203.9,-167.4,-149.2,-117.23333333333333,-97.06666666666666,-99.13333333333334,-101.76666666666667,-100.66666666666667,-87.86666666666666,-94.6,-89.53333333333333,-97.0,-93.0
randstep_1,0,120000,-79.83333333333333,-123.89955555555555,1033,102.79556441307068,-317.56,-178.46666666666667,-124.36666666666666,-129.23333333333332,-118.16666666666667,-114.66666666666667,-114.36666666666666,-107.0,-103.83333333333333,-99.76666666666667,-103.9,-93.33333333333333,-86.63333333333334,-85.5,-81.7
randstep_1,1,120000,-85.86666666666666,-165.55333333333334,1008,103.08792805671692,-500.0,-500.0,-251.83333333333334,-156.83333333333334,-99.03333333333333,-110.46666666666667,-106.13333333333334,-99.33333333333333,-105.1,-112.93333333333334,-88.6,-88.9,-97.56666666666666,-83.03333333333333,-83.53333333333333
randstep_1,2,120000,-84.53333333333333,-132.46853801169593,1064,102.45774960517883,-413.89473684210526,-215.43333333333334,-135.36666666666667,-118.83333333333333,-114.4,-116.26666666666667,-110.96666666666667,-118.56666666666666,-101.4,-95.76666666666667,-84.93333333333334,-94.2,-92.0,-88.16666666666667,-86.83333333333333
randstep_1,3,120000,-80.03333333333333,-146.1533333333333,1065,102.7146782875061,-500.0,-380.6333333333333,-134.03333333333333,-112.5,-109.43333333333334,-100.76666666666667,-98.86666666666666,-95.53333333333333,-93.6,-88.26666666666667,-95.1,-119.26666666666667,-92.43333333333334,-88.9,-82.96666666666667
randstep_1,4,120000,-87.03333333333333,-143.9029239766082,997,102.74756622314453,-414.2105263157895,-267.1,-196.36666666666667,-145.6,-127.76666666666667,-116.83333333333333,-99.5,-92.66666666666667,-112.9,-94.96666666666667,-105.43333333333334,-108.5,-96.56666666666666,-88.23333333333333,-91.9
random_2,0,120000,-89.03333333333333,-151.63986928104578,1030,102.53377604484558,-459.7647058823529,-461.1333333333333,-140.8,-123.3,-131.86666666666667,-109.03333333333333,-103.13333333333334,-99.33333333333333,-95.16666666666667,-91.43333333333334,-98.56666666666666,-90.4,-92.76666666666667,-91.53333333333333,-86.36666666666666
random_2,1,120000,-91.73333333333333,-196.50805555555556,928,102.84858822822571,-494.6875,-495.0,-443.8,-382.53333333333336,-136.73333333333332,-109.06666666666666,-110.36666666666666,-103.3,-94.5,-103.1,-100.0,-96.66666666666667,-88.3,-95.23333333333333,-94.33333333333333
random_2,2,120000,-91.33333333333333,-128.5880808080808,1061,103.33991837501526,-349.45454545454544,-194.9,-172.13333333333333,-141.7,-126.26666666666667,-119.76666666666667,-97.06666666666666,-90.6,-90.96666666666667,-96.93333333333334,-94.1,-88.86666666666666,-85.83333333333333,-93.13333333333334,-87.1
random_2,3,120000,-88.73333333333333,-172.60861111111112,861,102.63631677627563,-487.0625,-334.8,-224.3,-188.76666666666668,-180.8,-172.66666666666666,-125.8,-130.2,-126.76666666666667,-111.4,-113.4,-112.43333333333334,-99.93333333333334,-92.06666666666666,-88.73333333333333
random_2,4,120000,-94.2,-158.08849673202613,976,102.94670963287354,-459.29411764705884,-443.9,-209.6,-124.46666666666667,-105.8,-112.46666666666667,-109.43333333333334,-106.96666666666667,-103.5,-106.0,-99.83333333333333,-103.43333333333334,-99.46666666666667,-95.73333333333333,-91.43333333333334
randstep_2,0,120000,-88.0,-178.6377777777778,923,102.94530296325684,-497.5,-498.6666666666667,-297.53333333333336,-163.63333333333333,-153.9,-167.26666666666668,-127.06666666666666,-112.8,-114.06666666666666,-95.9,-98.13333333333334,-87.96666666666667,-91.8,-89.33333333333333,-84.0
randstep_2,1,120000,-81.73333333333333,-159.27083333333331,1011,103.23562622070312,-488.0625,-426.96666666666664,-276.8,-120.63333333333334,-129.03333333333333,-108.46666666666667,-99.6,-104.06666666666666,-106.83333333333333,-93.1,-90.43333333333334,-93.6,-91.7,-80.66666666666667,-79.1
randstep_2,2,120000,-81.3,-127.83444444444446,1055,104.17237186431885,-394.45,-188.43333333333334,-116.1,-101.9,-109.96666666666667,-111.26666666666667,-117.26666666666667,-107.73333333333333,-101.0,-105.13333333333334,-102.26666666666667,-97.73333333333333,-97.43333333333334,-85.96666666666667,-80.86666666666666
randstep_2,3,120000,-86.43333333333334,-211.82444444444442,848,103.82011675834656,-500.0,-500.0,-468.9,-374.0,-238.16666666666666,-129.43333333333334,-124.03333333333333,-124.66666666666667,-114.56666666666666,-121.46666666666667,-98.86666666666666,-97.1,-105.3,-93.13333333333334,-87.73333333333333
randstep_2,4,120000,-92.23333333333333,-120.84711111111112,1117,102.94502258300781,-316.44,-207.26666666666668,-130.0,-124.5,-105.0,-112.86666666666666,-99.03333333333333,-88.16666666666667,-83.1,-94.93333333333334,-89.73333333333333,-87.9,-91.83333333333333,-88.93333333333334,-93.0
random_3,0,120000,-82.26666666666667,-217.82861111111112,820,103.19633746147156,-469.5625,-483.76666666666665,-478.03333333333336,-363.8666666666667,-259.1,-235.06666666666666,-189.76666666666668,-111.83333333333333,-99.5,-99.83333333333333,-107.5,-101.76666666666667,-96.46666666666667,-89.73333333333333,-81.63333333333334
random_3,1,120000,-500.0,-500.0,241,103.27070355415344,-500.0,-500.0,-500.0,-500.0,-500.0,-500.0,-500.0,-500.0,-500.0,-500.0,-500.0,-500.0,-500.0,-500.0,-500.0
random_3,2,120000,-500.0,-500.0,241,102.93950486183167,-500.0,-500.0,-500.0,-500.0,-500.0,-500.0,-500.0,-500.0,-500.0,-500.0,-500.0,-500.0,-500.0,-500.0,-500.0
random_3,3,120000,-500.0,-500.0,241,103.26357555389404,-500.0,-500.0,-500.0,-500.0,-500.0,-500.0,-500.0,-500.0,-500.0,-500.0,-500.0,-500.0,-500.0,-500.0,-500.0
random_3,4,120000,-500.0,-500.0,241,103.09139275550842,-500.0,-500.0,-500.0,-500.0,-500.0,-500.0,-500.0,-500.0,-500.0,-500.0,-500.0,-500.0,-500.0,-500.0,-500.0
randstep_3,0,120000,-86.96666666666667,-110.33256704980843,1156,102.90579295158386,-274.6551724137931,-131.56666666666666,-119.46666666666667,-102.13333333333334,-102.06666666666666,-98.7,-93.4,-101.6,-101.8,-89.13333333333334,-85.9,-92.63333333333334,-86.06666666666666,-84.26666666666667,-91.6
randstep_3,1,120000,-85.7,-158.2622222222222,1053,102.87162637710571,-500.0,-500.0,-212.93333333333334,-141.3,-121.83333333333333,-110.36666666666666,-107.3,-95.83333333333333,-85.16666666666667,-80.06666666666666,-83.26666666666667,-87.9,-81.6,-85.13333333333334,-81.23333333333333
randstep_3,2,120000,-87.4,-165.39333333333337,1007,102.81891560554504,-500.0,-500.0,-264.5,-139.43333333333334,-110.63333333333334,-119.36666666666666,-114.4,-119.13333333333334,-98.96666666666667,-86.26666666666667,-83.96666666666667,-85.03333333333333,-86.8,-83.33333333333333,-89.06666666666666
randstep_3,3,120000,-500.0,-500.0,241,102.85563063621521,-500.0,-500.0,-500.0,-500.0,-500.0,-500.0,-500.0,-500.0,-500.0,-500.0,-500.0,-500.0,-500.0,-500.0,-500.0
randstep_3,4,120000,-87.73333333333333,-127.66868686868686,1060,102.30820822715759,-362.8636363636364,-181.03333333333333,-132.3,-136.43333333333334,-110.06666666666666,-106.93333333333334,-113.23333333333333,-115.6,-105.73333333333333,-100.23333333333333,-91.53333333333333,-91.23333333333333,-94.56666666666666,-88.6,-84.66666666666667
random_4,0,120000,-86.23333333333333,-120.46197530864198,1111,103.04377770423889,-294.962962962963,-154.1,-135.63333333333333,-131.13333333333333,-114.9,-123.7,-101.56666666666666,-98.4,-107.36666666666666,-91.23333333333333,-87.16666666666667,-92.06666666666666,-93.7,-95.3,-85.7
random_4,1,120000,-85.93333333333334,-145.71824561403508,949,102.8029100894928,-418.4736842105263,-163.96666666666667,-134.43333333333334,-180.6,-178.23333333333332,-157.36666666666667,-143.86666666666667,-112.66666666666667,-122.53333333333333,-103.06666666666666,-105.36666666666666,-93.9,-94.8,-89.73333333333333,-86.76666666666667
random_4,2,120000,-101.4,-167.52444444444444,969,102.81707048416138,-500.0,-474.9,-262.8666666666667,-147.5,-122.53333333333333,-99.9,-111.36666666666666,-97.06666666666666,-104.13333333333334,-104.33333333333333,-103.1,-93.4,-97.5,-91.46666666666667,-102.8
random_4,3,120000,-93.36666666666666,-219.73111111111112,733,102.86277866363525,-500.0,-500.0,-443.03333333333336,-269.0,-208.36666666666667,-193.9,-227.73333333333332,-173.63333333333333,-131.56666666666666,-132.1,-114.76666666666667,-111.3,-102.56666666666666,-95.46666666666667,-92.53333333333333
random_4,4,120000,-92.9,-130.68,1002,102.84513545036316,-328.1666666666667,-184.06666666666666,-169.2,-127.73333333333333,-108.06666666666666,-124.4,-111.8,-117.56666666666666,-110.36666666666666,-106.2,-102.2,-95.53333333333333,-89.63333333333334,-92.0,-93.26666666666667
randstep_4,0,120000,-90.76666666666667,-135.93555555555557,1073,103.599924325943,-489.0,-254.1,-118.8,-117.5,-105.63333333333334,-106.23333333333333,-95.4,-101.46666666666667,-95.83333333333333,-95.83333333333333,-101.6,-88.2,-84.6,-95.66666666666667,-89.16666666666667
randstep_4,1,120000,-78.56666666666666,-138.83249999999998,1080,104.35626578330994,-493.6875,-251.86666666666667,-168.4,-126.73333333333333,-112.6,-98.16666666666667,-95.23333333333333,-104.0,-97.16666666666667,-99.36666666666666,-87.46666666666667,-92.23333333333333,-85.06666666666666,-88.76666666666667,-81.73333333333333
randstep_4,2,120000,-81.03333333333333,-117.9390643274854,1157,102.41291284561157,-404.05263157894734,-130.86666666666667,-103.56666666666666,-115.63333333333334,-98.66666666666667,-109.5,-96.13333333333334,-86.76666666666667,-90.7,-89.16666666666667,-87.9,-91.73333333333333,-88.5,-92.2,-83.7
randstep_4,3,120000,-84.5,-144.14588235294116,1031,103.188796043396,-465.5882352941176,-314.8333333333333,-170.0,-131.03333333333333,-105.83333333333333,-111.06666666666666,-108.73333333333333,-103.36666666666666,-93.3,-93.56666666666666,-97.43333333333334,-87.73333333333333,-92.4,-96.2,-91.1
randstep_4,4,120000,-97.46666666666667,-314.9977777777778,642,102.85933017730713,-500.0,-500.0,-500.0,-500.0,-500.0,-500.0,-490.6,-442.3,-159.83333333333334,-111.46666666666667,-123.33333333333333,-113.06666666666666,-95.16666666666667,-97.66666666666667,-91.53333333333333
random_5,0,120000,-91.3,-163.0530158730159,915,103.20604729652405,-375.0952380952381,-250.53333333333333,-294.73333333333335,-304.0,-129.06666666666666,-135.6,-136.93333333333334,-128.6,-106.83333333333333,-97.93333333333334,-97.13333333333334,-105.83333333333333,-99.26666666666667,-88.86666666666666,-95.36666666666666
random_5,1,120000,-88.6,-190.4577777777778,932,103.54121279716492,-500.0,-454.46666666666664,-433.0,-349.4,-136.46666666666667,-117.43333333333334,-103.83333333333333,-113.2,-106.66666666666667,-95.03333333333333,-97.26666666666667,-90.33333333333333,-86.86666666666666,-87.76666666666667,-85.13333333333334
random_5,2,120000,-86.63333333333334,-179.44444444444443,988,102.68775629997253,-500.0,-500.0,-447.3666666666667,-140.93333333333334,-125.26666666666667,-108.03333333333333,-113.86666666666666,-98.36666666666666,-88.36666666666666,-93.83333333333333,-100.76666666666667,-96.1,-92.56666666666666,-100.7,-85.5
random_5,3,120000,-103.5,-158.2447222222222,885,103.0183458328247,-497.9375,-265.26666666666665,-146.3,-138.13333333333333,-117.76666666666667,-134.33333333333334,-138.93333333333334,-142.33333333333334,-112.8,-113.9,-116.5,-117.76666666666667,-121.2,-105.63333333333334,-104.86666666666666
random_5,4,120000,-108.6,-169.3177777777778,826,103.53292036056519,-325.5,-339.3333333333333,-328.9,-195.4,-164.4,-131.3,-115.13333333333334,-124.0,-113.16666666666667,-125.06666666666666,-122.33333333333333,-109.4,-129.86666666666667,-108.76666666666667,-107.2
randstep_5,0,120000,-102.4,-116.43743589743592,1114,103.00361347198486,-300.96153846153845,-143.46666666666667,-123.56666666666666,-109.23333333333333,-111.86666666666666,-109.46666666666667,-99.4,-101.8,-99.93333333333334,-92.66666666666667,-88.2,-86.6,-86.83333333333333,-90.16666666666667,-102.4
randstep_5,1,120000,-83.96666666666667,-169.88666666666668,1022,102.71270251274109,-496.5,-496.3,-383.3,-135.0,-111.26666666666667,-100.03333333333333,-93.43333333333334,-92.46666666666667,-89.03333333333333,-91.76666666666667,-88.26666666666667,-98.66666666666667,-95.83333333333333,-91.86666666666666,-84.56666666666666
randstep_5,2,120000,-85.16666666666667,-105.80153846153847,1217,102.99603390693665,-306.4230769230769,-102.93333333333334,-95.2,-89.1,-94.7,-86.0,-94.63333333333334,-103.0,-99.76666666666667,-94.9,-80.03333333333333,-85.9,-88.46666666666667,-82.73333333333333,-83.23333333333333
randstep_5,3,120000,-101.5,-158.71083333333334,894,103.07677149772644,-472.0625,-236.4,-196.46666666666667,-152.03333333333333,-166.26666666666668,-146.76666666666668,-160.53333333333333,-137.76666666666668,-111.06666666666666,-119.8,-101.63333333333334,-102.23333333333333,-89.03333333333333,-95.1,-93.5
randstep_5,4,120000,-88.0,-124.76222222222222,1129,102.54910659790039,-398.4,-213.7,-143.7,-106.63333333333334,-113.96666666666667,-97.63333333333334,-91.66666666666667,-107.03333333333333,-85.4,-93.13333333333334,-86.26666666666667,-81.8,-80.66666666666667,-83.96666666666667,-87.46666666666667
random_6,0,120000,-85.73333333333333,-112.57417624521074,1129,103.11468124389648,-269.37931034482756,-135.46666666666667,-131.36666666666667,-128.63333333333333,-102.5,-108.16666666666667,-89.93333333333334,-95.36666666666666,-90.93333333333334,-85.16666666666667,-94.2,-95.23333333333333,-90.23333333333333,-88.1,-83.93333333333334
random_6,1,120000,-88.03333333333333,-153.1,1071,102.82040596008301,-500.0,-443.8666666666667,-212.5,-123.36666666666666,-102.26666666666667,-91.86666666666666,-109.3,-97.3,-87.93333333333334,-90.6,-90.93333333333334,-90.86666666666666,-82.83333333333333,-85.8,-87.06666666666666
random_6,2,120000,-83.2,-139.79555555555555,1119,103.49862718582153,-494.0,-330.5,-158.4,-112.1,-99.16666666666667,-93.33333333333333,-88.0,-89.3,-91.7,-94.5,-85.5,-87.23333333333333,-97.03333333333333,-91.83333333333333,-84.33333333333333
random_6,3,120000,-96.96666666666667,-115.37979797979798,1149,103.05716133117676,-351.8636363636364,-146.53333333333333,-120.56666666666666,-99.83333333333333,-96.26666666666667,-90.2,-91.56666666666666,-89.73333333333333,-88.63333333333334,-87.63333333333334,-88.86666666666666,-103.76666666666667,-86.7,-91.93333333333334,-96.6
random_6,4,120000,-82.6,-112.77925925925925,1163,102.8998532295227,-290.8888888888889,-127.46666666666667,-127.3,-133.76666666666668,-102.26666666666667,-95.86666666666666,-108.03333333333333,-90.46666666666667,-88.5,-87.6,-82.93333333333334,-88.86666666666666,-102.6,-83.6,-81.53333333333333
randstep_6,0,120000,-89.86666666666666,-126.2342995169082,1058,103.48941540718079,-343.3478260869565,-177.83333333333334,-170.8,-144.36666666666667,-118.5,-102.8,-95.96666666666667,-96.83333333333333,-101.03333333333333,-91.9,-93.53333333333333,-90.56666666666666,-88.2,-90.06666666666666,-87.76666666666667
randstep_6,1,120000,-86.06666666666666,-122.45888888888888,1131,102.88644647598267,-392.45,-153.73333333333332,-133.73333333333332,-131.46666666666667,-105.66666666666667,-123.33333333333333,-95.6,-93.4,-90.6,-88.5,-87.63333333333334,-84.2,-86.26666666666667,-79.1,-91.2
randstep_6,2,120000,-87.96666666666667,-117.8811695906433,1158,103.25288796424866,-416.6842105263158,-124.7,-104.6,-102.8,-110.7,-100.56666666666666,-88.36666666666666,-95.3,-89.86666666666666,-88.8,-85.7,-99.63333333333334,-82.9,-89.43333333333334,-88.16666666666667
randstep_6,3,120000,-89.56666666666666,-215.92333333333332,837,103.71477174758911,-498.75,-499.3333333333333,-499.9,-430.93333333333334,-210.66666666666666,-142.53333333333333,-116.63333333333334,-116.76666666666667,-114.9,-103.86666666666666,-93.43333333333334,-86.13333333333334,-115.66666666666667,-117.83333333333333,-91.5
randstep_6,4,120000,-85.63333333333334,-115.51047619047618,1122,102.730872631073,-278.85714285714283,-131.9,-121.36666666666666,-114.53333333333333,-111.4,-95.83333333333333,-115.46666666666667,-106.36666666666666,-112.26666666666667,-92.03333333333333,-100.06666666666666,-93.23333333333333,-89.96666666666667,-87.96666666666667,-81.4
random_7,0,120000,-91.03333333333333,-141.9633918128655,1013,103.17378425598145,-402.6842105263158,-310.1666666666667,-170.3,-134.33333333333334,-119.86666666666666,-111.26666666666667,-102.26666666666667,-102.93333333333334,-113.23333333333333,-97.5,-90.73333333333333,-100.23333333333333,-93.7,-90.86666666666666,-89.36666666666666
random_7,1,120000,-91.9,-194.45777777777778,872,102.87251377105713,-500.0,-500.0,-429.6666666666667,-213.16666666666666,-196.16666666666666,-153.33333333333334,-118.6,-120.6,-111.63333333333334,-111.56666666666666,-102.06666666666666,-87.13333333333334,-89.06666666666666,-93.43333333333334,-90.43333333333334
random_7,2,120000,-102.83333333333333,-192.03111111111113,927,102.84741067886353,-500.0,-500.0,-446.3666666666667,-280.73333333333335,-178.6,-118.4,-97.96666666666667,-107.3,-88.26666666666667,-91.06666666666666,-106.56666666666666,-86.5,-94.96666666666667,-90.83333333333333,-92.9
random_7,3,120000,-112.36666666666666,-242.4822222222222,628,103.11569142341614,-500.0,-481.7,-471.8333333333333,-341.46666666666664,-219.36666666666667,-196.7,-192.36666666666667,-182.13333333333333,-205.7,-187.16666666666666,-160.63333333333333,-155.96666666666667,-123.73333333333333,-103.36666666666666,-115.1
random_7,4,120000,-500.0,-500.0,241,103.1851577758789,-500.0,-500.0,-500.0,-500.0,-500.0,-500.0,-500.0,-500.0,-500.0,-500.0,-500.0,-500.0,-500.0,-500.0,-500.0
randstep_7,0,120000,-94.86666666666666,-123.5764912280702,1119,102.62053728103638,-419.94736842105266,-178.5,-121.8,-120.4,-98.06666666666666,-106.16666666666667,-91.9,-93.76666666666667,-89.43333333333334,-86.26666666666667,-92.7,-89.5,-85.33333333333333,-89.9,-89.96666666666667
randstep_7,1,120000,-78.0,-202.02222222222224,914,102.69131994247437,-500.0,-500.0,-496.5,-379.3666666666667,-177.46666666666667,-122.96666666666667,-103.03333333333333,-108.76666666666667,-91.43333333333334,-102.7,-85.73333333333333,-87.2,-91.83333333333333,-94.83333333333333,-88.5
randstep_7,2,120000,-89.96666666666667,-138.32444444444445,1073,102.5453040599823,-500.0,-249.96666666666667,-157.8,-119.1,-95.53333333333333,-112.9,-92.5,-109.06666666666666,-98.86666666666666,-94.1,-93.3,-84.63333333333334,-91.86666666666666,-86.66666666666667,-88.56666666666666
randstep_7,3,120000,-81.66666666666667,-180.6022222222222,989,102.64470720291138,-500.0,-500.0,-459.3666666666667,-173.83333333333334,-127.9,-104.6,-102.73333333333333,-97.1,-96.56666666666666,-104.33333333333333,-90.1,-89.23333333333333,-94.0,-84.06666666666666,-85.2
randstep_7,4,120000,-85.2,-116.93008547008549,1089,102.68753385543823,-302.88461538461536,-150.93333333333334,-130.86666666666667,-108.33333333333333,-103.8,-103.93333333333334,-98.6,-95.53333333333333,-94.96666666666667,-105.16666666666667,-103.66666666666667,-86.46666666666667,-92.96666666666667,-91.4,-84.43333333333334
random_8,0,120000,-86.6,-128.00144927536232,1078,103.25074458122253,-344.5217391304348,-210.1,-164.1,-145.63333333333333,-119.7,-111.56666666666666,-106.8,-89.8,-90.7,-85.73333333333333,-91.0,-96.4,-89.56666666666666,-84.13333333333334,-90.26666666666667
random_8,1,120000,-83.36666666666666,-149.58,1013,102.7965440750122,-399.1,-320.8333333333333,-301.73333333333335,-151.2,-120.93333333333334,-108.73333333333333,-101.26666666666667,-89.33333333333333,-85.7,-96.43333333333334,-91.83333333333333,-99.16666666666667,-91.63333333333334,-85.3,-100.5
random_8,2,120000,-87.23333333333333,-184.0118954248366,933,102.93090200424194,-469.4117647058824,-482.6666666666667,-433.26666666666665,-255.3,-125.23333333333333,-142.56666666666666,-102.13333333333334,-95.93333333333334,-94.73333333333333,-101.8,-106.3,-97.96666666666667,-84.73333333333333,-82.3,-85.83333333333333
random_8,3,120000,-88.73333333333333,-147.6822222222222,968,102.68646168708801,-500.0,-216.23333333333332,-184.76666666666668,-146.6,-118.26666666666667,-125.63333333333334,-122.5,-112.6,-120.46666666666667,-103.16666666666667,-100.46666666666667,-101.03333333333333,-89.43333333333334,-88.36666666666666,-85.7
random_8,4,120000,-82.7,-126.33333333333334,1125,102.46643137931824,-436.6666666666667,-160.23333333333332,-133.13333333333333,-121.06666666666666,-110.6,-99.8,-93.93333333333334,-102.6,-100.93333333333334,-89.7,-87.8,-91.2,-92.4,-91.5,-83.43333333333334
randstep_8,0,120000,-94.36666666666666,-145.72888888888886,915,102.51219320297241,-396.3,-191.8,-144.06666666666666,-143.73333333333332,-127.83333333333333,-148.6,-165.26666666666668,-136.03333333333333,-121.53333333333333,-103.76666666666667,-119.4,-100.03333333333333,-104.4,-91.43333333333334,-91.73333333333333
randstep_8,1,120000,-90.53333333333333,-129.84539682539682,1089,103.23093342781067,-380.04761904761904,-226.36666666666667,-148.63333333333333,-142.13333333333333,-114.26666666666667,-106.46666666666667,-94.83333333333333,-91.43333333333334,-101.56666666666666,-88.06666666666666,-98.46666666666667,-88.76666666666667,-82.86666666666666,-87.63333333333334,-96.13333333333334
randstep_8,2,120000,-87.33333333333333,-121.82166666666669,1095,102.90512013435364,-331.9583333333333,-150.86666666666667,-144.83333333333334,-110.16666666666667,-102.0,-112.43333333333334,-121.5,-103.93333333333334,-97.93333333333334,-91.4,-86.16666666666667,-104.43333333333334,-92.8,-91.46666666666667,-85.43333333333334
randstep_8,3,120000,-105.8,-124.05111111111113,1074,102.66483068466187,-319.8333333333333,-172.96666666666667,-136.36666666666667,-149.5,-116.13333333333334,-111.3,-102.2,-107.13333333333334,-89.13333333333334,-83.23333333333333,-95.9,-89.06666666666666,-89.66666666666667,-92.0,-106.33333333333333
randstep_8,4,120000,-87.26666666666667,-212.37333333333333,860,102.7002067565918,-500.0,-500.0,-500.0,-409.06666666666666,-192.3,-120.7,-114.9,-117.9,-129.66666666666666,-108.5,-114.46666666666667,-101.03333333333333,-95.23333333333333,-94.96666666666667,-86.86666666666666
random_9,0,120000,-92.2,-173.85333333333332,866,102.53161716461182,-491.0,-315.4,-185.8,-257.46666666666664,-215.36666666666667,-169.13333333333333,-147.93333333333334,-109.23333333333333,-115.03333333333333,-98.3,-117.0,-107.53333333333333,-94.1,-96.63333333333334,-87.86666666666666
random_9,1,120000,-109.53333333333333,-155.14444444444445,944,102.39128947257996,-485.0,-371.9,-161.33333333333334,-125.93333333333334,-136.56666666666666,-104.43333333333334,-118.83333333333333,-105.7,-107.86666666666666,-104.1,-104.43333333333334,-111.4,-99.6,-95.53333333333333,-94.53333333333333
random_9,2,120000,-88.43333333333334,-136.60544061302681,951,102.93452286720276,-271.44827586206895,-196.43333333333334,-165.4,-175.56666666666666,-159.33333333333334,-146.2,-125.16666666666667,-133.2,-109.83333333333333,-103.1,-94.93333333333334,-96.53333333333333,-90.93333333333334,-92.53333333333333,-88.46666666666667
random_9,3,120000,-90.83333333333333,-180.5113888888889,875,104.01278591156006,-499.9375,-381.4,-231.23333333333332,-270.3666666666667,-194.86666666666667,-155.5,-141.8,-134.83333333333334,-123.6,-95.96666666666667,-103.33333333333333,-91.23333333333333,-90.0,-95.56666666666666,-98.03333333333333
random_9,4,120000,-98.6,-219.00444444444446,848,106.29958939552307,-500.0,-500.0,-500.0,-495.9,-252.83333333333334,-150.2,-112.36666666666666,-97.0,-97.2,-103.76666666666667,-98.86666666666666,-96.43333333333334,-95.96666666666667,-90.43333333333334,-94.1
randstep_9,0,120000,-97.63333333333334,-141.62608187134504,990,102.14150023460388,-417.1578947368421,-260.53333333333336,-187.06666666666666,-125.73333333333333,-125.16666666666667,-113.93333333333334,-105.73333333333333,-102.8,-122.16666666666667,-93.7,-94.6,-90.63333333333334,-98.3,-93.03333333333333,-93.83333333333333
randstep_9,1,120000,-87.86666666666666,-145.0806349206349,1004,102.43283438682556,-372.4761904761905,-237.03333333333333,-238.43333333333334,-165.13333333333333,-145.13333333333333,-147.56666666666666,-115.6,-103.8,-98.5,-99.86666666666666,-97.4,-78.86666666666666,-92.63333333333334,-86.73333333333333,-97.03333333333333
randstep_9,2,120000,-84.26666666666667,-114.05333333333331,1120,101.96901202201843,-188.9,-151.03333333333333,-154.36666666666667,-122.53333333333333,-137.9,-96.86666666666666,-98.4,-92.4,-103.53333333333333,-107.56666666666666,-84.7,-88.06666666666666,-106.46666666666667,-91.83333333333333,-86.23333333333333
randstep_9,3,120000,-101.2,-186.28666666666666,797,104.80634832382202,-500.0,-380.96666666666664,-246.2,-230.16666666666666,-222.46666666666667,-163.06666666666666,-169.1,-120.43333333333334,-119.9,-112.46666666666667,-113.63333333333334,-105.93333333333334,-114.56666666666666,-89.7,-105.7
randstep_9,4,120000,-233.03333333333333,-483.1422222222222,260,105.256760597229,-500.0,-500.0,-500.0,-500.0,-500.0,-500.0,-500.0,-500.0,-500.0,-500.0,-500.0,-500.0,-500.0,-487.6666666666667,-259.46666666666664
rnd,0,120000,-84.66666666666667,-125.8822222222222,1093,76.34476923942566,-429.3333333333333,-155.23333333333332,-125.6,-109.66666666666667,-112.56666666666666,-110.26666666666667,-99.5,-93.0,-88.5,-90.56666666666666,-119.26666666666667,-91.86666666666666,-87.33333333333333,-88.1,-87.43333333333334
rnd,1,120000,-91.0,-112.32730158730159,1200,76.34734106063843,-377.4761904761905,-112.46666666666667,-108.53333333333333,-96.63333333333334,-95.1,-94.7,-88.86666666666666,-90.16666666666667,-90.03333333333333,-86.03333333333333,-96.83333333333333,-83.16666666666667,-87.63333333333334,-93.5,-83.76666666666667
rnd,2,120000,-87.26666666666667,-105.21333333333334,1135,76.28340673446655,-173.76666666666668,-123.73333333333333,-119.23333333333333,-103.56666666666666,-107.8,-98.93333333333334,-110.5,-98.0,-109.16666666666667,-93.56666666666666,-94.66666666666667,-84.66666666666667,-82.23333333333333,-90.53333333333333,-87.83333333333333
rnd,3,120000,-83.86666666666666,-120.514126984127,1057,75.67764711380005,-280.67857142857144,-154.53333333333333,-114.43333333333334,-111.06666666666666,-117.2,-110.4,-108.26666666666667,-120.96666666666667,-118.43333333333334,-104.1,-102.13333333333334,-97.13333333333334,-95.53333333333333,-88.4,-84.43333333333334
rnd,4,120000,-82.16666666666667,-126.3227777777778,1071,75.78458833694458,-329.375,-147.2,-129.66666666666666,-122.33333333333333,-119.7,-113.9,-114.33333333333333,-126.0,-126.23333333333333,-118.23333333333333,-101.33333333333333,-95.53333333333333,-83.66666666666667,-85.7,-81.63333333333334
