lam,hidden,n_traj,seed,val_mse,rollout_rmse_final,rollout_rmse_h25,divergence_horizon,divergence_horizon_0.05,divergence_horizon_0.1,divergence_horizon_0.25,divergence_horizon_0.5,divergence_horizon_1,resid_unit-norm_th1,resid_unit-norm_th2,resid_energy,algebraic_score,rho_val_mse,rho_algebraic
0.0,32,10,0,0.0007755436236038804,1.3334525090371845,0.30898580996907815,26.25,5.416666666666667,11.166666666666666,26.25,44.916666666666664,62.0,0.18237041029865214,0.2992357012893968,0.05279446364536287,0.5344005752334118,0.9580110179275854,0.6549046223255245
0.0,32,10,1,0.0016530061839148402,14.56484346007175,1.0198910308896816,19.416666666666668,4.666666666666667,8.083333333333334,19.416666666666668,28.916666666666668,44.083333333333336,0.999157680634813,0.9997446562084771,0.8331458345452574,2.8320481713885473,,
0.0,32,10,2,0.0013699517585337162,1.692382178597214,0.5053654854086462,18.416666666666668,3.5,7.666666666666667,18.416666666666668,38.166666666666664,69.25,0.2112329843537323,0.20361790214213965,0.04259090171797057,0.4574417882138425,,
0.0,32,60,0,4.31844346167054e-05,1.3491975104529306,0.09316717244516813,48.75,13.416666666666666,21.833333333333332,48.75,66.75,83.5,0.17809467229459314,0.6361892860460346,0.20549398077969067,1.0197779391203183,,
0.0,32,60,1,5.2713756304001436e-05,1.0642312247534622,0.20219422537226261,64.75,18.25,34.0,64.75,75.91666666666667,86.16666666666667,0.06067930247232918,0.030954132226060752,0.01650187981763305,0.10813531451602298,,
0.0,32,60,2,4.888529656454921e-05,1.3159160682300028,0.1187212017682005,43.166666666666664,18.0,25.0,43.166666666666664,63.0,80.91666666666667,0.08101190965808905,0.09644892739605707,0.02767065928662873,0.20513149634077485,,
0.0,128,10,0,0.0003054811677429825,1.0690302420567779,0.15259914154508622,48.333333333333336,12.916666666666666,25.166666666666668,48.333333333333336,68.58333333333333,75.33333333333333,0.061490276901487215,0.09398760018285587,0.02422881517752708,0.17970669226187017,,
0.0,128,10,1,0.0003011562512256205,2.111283931512825,0.3743783675764598,33.083333333333336,10.166666666666666,19.0,33.083333333333336,45.333333333333336,72.41666666666667,0.31817749536050977,0.32107740627445785,0.03786012863052694,0.6771150302654946,,
0.0,128,10,2,0.0003814896917901933,1.3270560207609872,0.17442457366257147,36.0,9.583333333333334,19.416666666666668,36.0,58.416666666666664,77.16666666666667,0.07824931496584135,0.14523565965061067,0.02052206259626917,0.24400703721272118,,
0.0,128,60,0,1.7566109818289988e-05,0.7357485873957562,0.05289581492914323,67.5,21.333333333333332,50.416666666666664,67.5,85.33333333333333,87.91666666666667,0.021025688069583395,0.03425679057898729,0.011840533188012082,0.06712301183658277,,
0.0,128,60,1,1.2983006854483392e-05,0.7720741068446038,0.07002266687774046,72.08333333333333,34.5,47.166666666666664,72.08333333333333,81.91666666666667,93.25,0.017731506929867035,0.03873750392324337,0.011008256090518065,0.06747726694362847,,
0.0,128,60,2,1.015682482830016e-05,0.46650991622522625,0.057289073559710774,73.0,28.916666666666668,49.75,73.0,82.66666666666667,90.66666666666667,0.03403571336223388,0.02584427873994585,0.01812564799531704,0.07800564009749676,,
0.001,32,10,0,0.0007749535725452006,1.3485043003598445,0.30857769434178006,26.25,5.416666666666667,11.166666666666666,26.25,45.0,62.0,0.1825951769317637,0.30262527115555987,0.05298890977194476,0.5382093578592684,,
0.001,32,10,1,0.0016531393630430102,14.444708091546504,1.0175347686023428,19.416666666666668,4.666666666666667,8.083333333333334,19.416666666666668,29.083333333333332,44.083333333333336,0.9991364888797599,0.9997400095059993,0.8296965441530887,2.828573042538848,,
0.001,32,10,2,0.0013695687521249056,1.7275710255911356,0.5063094112096795,18.416666666666668,3.5,7.083333333333333,18.416666666666668,38.166666666666664,69.0,0.2140367933137211,0.20730196666837808,0.04245469013424661,0.4637934501163458,,
0.001,32,60,0,4.3097556044813246e-05,1.3345769111387764,0.09303375584903167,49.166666666666664,13.583333333333334,21.833333333333332,49.166666666666664,66.91666666666667,84.16666666666667,0.17725833331833984,0.6347726274606337,0.20348056893461242,1.015511529713586,,
0.001,32,60,1,5.263445564196445e-05,1.0612402783575758,0.20167003522469007,64.91666666666667,18.25,33.916666666666664,64.91666666666667,75.91666666666667,86.16666666666667,0.06017125874680165,0.030853972311122507,0.016381469377324813,0.10740670043524897,,
0.001,32,60,2,4.8802216042531654e-05,1.3204606028701205,0.11897161201012774,43.25,18.0,25.0,43.25,63.083333333333336,80.91666666666667,0.08081279053222444,0.09674780555310754,0.027436095032681476,0.20499669111801344,,
0.001,128,10,0,0.00030570695525966585,1.060437559929171,0.15300575058748014,48.25,13.0,25.25,48.25,68.5,75.25,0.06007536195538082,0.09448539663668305,0.02415282807608026,0.17871358666814413,,
0.001,128,10,1,0.00030145744676701725,2.1253105870766227,0.37519753513466364,31.75,10.166666666666666,18.916666666666668,31.75,45.333333333333336,73.5,0.3130538164484779,0.3184185259838185,0.03740739652720891,0.6688797389595053,,
0.001,128,10,2,0.0003814557276200503,1.3450835631871352,0.17512882008763767,35.916666666666664,9.583333333333334,19.25,35.916666666666664,58.5,77.08333333333333,0.07878661276460047,0.14593237283067975,0.02036738892595549,0.24508637452123572,,
0.001,128,60,0,1.774891461536754e-05,0.6953119723529716,0.05371675064390827,68.25,22.5,50.5,68.25,85.58333333333333,87.83333333333333,0.020681212893655147,0.03419260096515613,0.011608859885762442,0.06648267374457373,,
0.001,128,60,1,1.306592002947582e-05,0.7760022068423876,0.07046104626060672,72.0,34.416666666666664,47.0,72.0,82.0,93.25,0.017581900536232764,0.0387962089160179,0.010994875336100685,0.06737298478835135,,
0.001,128,60,2,1.0078353625431191e-05,0.4369630743201333,0.05655062401697842,71.41666666666667,29.083333333333332,49.0,71.41666666666667,83.41666666666667,90.83333333333333,0.03293917223729536,0.025619391408908582,0.017943350526267263,0.07650191417247121,,
0.01,32,10,0,0.0007683385047130287,1.5110167084415345,0.3007346187609253,26.25,5.5,11.166666666666666,26.25,44.666666666666664,68.25,0.21956373455274192,0.35904158994065294,0.06002719427887168,0.6386325187722666,,
0.01,32,10,1,0.0016613417537882924,14.83581130512473,1.0002560788682437,20.666666666666668,4.75,8.083333333333334,20.666666666666668,31.5,44.166666666666664,0.9986448394240526,0.9996039091771551,0.7795190446477518,2.7777677932489597,,
0.01,32,10,2,0.0013658179668709636,1.743815382613665,0.5147507909730148,17.583333333333332,3.5,7.166666666666667,17.583333333333332,38.083333333333336,67.25,0.22652818611865833,0.2211021946746185,0.041877511922900915,0.48950789271617773,,
0.01,32,60,0,4.24523968831636e-05,1.2651364429246736,0.09134500268285332,45.583333333333336,15.583333333333334,22.25,45.583333333333336,62.333333333333336,85.16666666666667,0.17603464024831114,0.6532549586054371,0.20155187702766714,1.0308414758814155,,
0.01,32,60,1,5.208863512962125e-05,1.0043751149824607,0.19592217485442656,60.666666666666664,19.0,33.416666666666664,60.666666666666664,74.83333333333333,86.16666666666667,0.05644625923637828,0.030393836190235602,0.01558541419960595,0.10242550962621982,,
0.01,32,60,2,4.829160025110468e-05,1.2192018451585225,0.11980975443000393,41.0,17.583333333333332,25.166666666666668,41.0,66.91666666666667,80.58333333333333,0.08023122400254401,0.10042020400017265,0.025107599473856445,0.2057590274765731,,
0.01,128,10,0,0.00030746462289243937,1.0640206863019908,0.15048102057136156,47.75,13.75,26.333333333333332,47.75,64.16666666666667,75.25,0.05478408912427826,0.09753389832005506,0.02453717455580176,0.17685516200013507,,
0.01,128,10,1,0.000295537116471678,2.0949425414532166,0.35791918829837693,33.416666666666664,10.916666666666666,18.583333333333332,33.416666666666664,51.166666666666664,71.91666666666667,0.29765422248081824,0.21512592314549214,0.036878025604205354,0.5496581712305157,,
0.01,128,10,2,0.0003817685937974602,1.2991888855326714,0.18285426648763814,35.416666666666664,9.333333333333334,18.0,35.416666666666664,59.416666666666664,74.5,0.08565272411745646,0.15432925578163662,0.02042816414519792,0.26041014404429097,,
0.01,128,60,0,1.946398515428882e-05,0.7166232975316058,0.06276377721504357,69.75,28.583333333333332,46.25,69.75,85.41666666666667,90.91666666666667,0.028472343783362827,0.03013662954901993,0.015599811090929543,0.0742087844233123,,
0.01,128,60,1,1.3422405572782736e-05,0.9641731506940103,0.07154970019600765,67.91666666666667,33.833333333333336,44.25,67.91666666666667,84.25,93.25,0.01975476743243354,0.03490095786681051,0.011204926930603364,0.06586065222984741,,
0.01,128,60,2,1.039472408592701e-05,0.5273308180850481,0.06077869297264967,69.0,31.416666666666668,49.833333333333336,69.0,84.16666666666667,91.5,0.030030426196772708,0.026887849304138293,0.013796997176546703,0.0707152726774577,,
0.1,32,10,0,0.0007442058995366096,1.7331290348872699,0.2782279922807815,23.75,4.583333333333333,10.583333333333334,23.75,49.416666666666664,71.75,0.24574344610489882,0.35716931136226826,0.06099471296282803,0.6639074704299951,,
0.1,32,10,1,0.0017278369050472975,11.65295161298353,0.9616841752750737,18.083333333333332,4.833333333333333,8.416666666666666,18.083333333333332,36.25,44.583333333333336,0.9983959208140413,0.9995007448990711,0.7593762911345445,2.757272956847657,,
0.1,32,10,2,0.001356967375613749,1.5032154474762558,0.5563666407796247,17.5,3.5,7.25,17.5,36.25,60.166666666666664,0.2228619499269891,0.21397261277571253,0.03530550136314776,0.4721400640658494,,
0.1,32,60,0,4.43713906861376e-05,0.5756669462180746,0.0824076552039089,56.5,19.916666666666668,32.5,56.5,73.5,90.91666666666667,0.11716359277068415,0.14099051810828073,0.024618939300566973,0.28277305017953186,,
0.1,32,60,1,5.2290190069470555e-05,0.7004411772384612,0.18824380122177176,57.5,15.0,30.25,57.5,81.0,85.5,0.05767979089290619,0.03421478590166513,0.011553518433808805,0.10344809522838012,,
0.1,32,60,2,4.9390564527129754e-05,1.0454983352946299,0.11491139707780822,52.75,16.666666666666668,30.916666666666668,52.75,68.66666666666667,80.58333333333333,0.0889537305936673,0.09663790965494272,0.02554326590009117,0.2111349061487012,,
0.1,128,10,0,0.00028237607330083847,1.0936424659093642,0.11901786491925309,48.25,13.416666666666666,26.25,48.25,68.08333333333333,80.41666666666667,0.06196186613165857,0.11076691290197947,0.02809624820021139,0.20082502723384943,,
0.1,128,10,1,0.0003039761504624039,2.028719732373801,0.3592098888896437,36.666666666666664,9.75,19.583333333333332,36.666666666666664,50.75,70.91666666666667,0.38035912320120857,0.12790741138448888,0.04160163180989628,0.5498681663955938,,
0.1,128,10,2,0.00038557249354198575,2.070847524369747,0.21862015564441772,33.333333333333336,9.166666666666666,18.583333333333332,33.333333333333336,48.833333333333336,70.5,0.14551018116712292,0.2230941980925192,0.03848494627980241,0.40708932553944455,,
0.1,128,60,0,2.129368658643216e-05,0.7191359690517304,0.06617764956730054,60.583333333333336,24.333333333333332,42.583333333333336,60.583333333333336,73.58333333333333,90.33333333333333,0.04789985909298064,0.04343132370860758,0.01274326075380202,0.10407444355539025,,
0.1,128,60,1,1.3444509932014626e-05,1.3974821301280225,0.07096298228677554,55.416666666666664,25.166666666666668,35.833333333333336,55.416666666666664,72.25,88.91666666666667,0.04258806039527863,0.024940527218654283,0.011739600877311475,0.0792681884912444,,
0.1,128,60,2,1.2816389244107995e-05,0.7314632224317678,0.09061711157242376,64.91666666666667,34.333333333333336,49.416666666666664,64.91666666666667,74.91666666666667,86.0,0.03911636182933595,0.028130339608560102,0.009068325592157825,0.07631502703005388,,
1.0,32,10,0,0.001291864668019116,1.127940128105526,0.6075521882555247,14.333333333333334,3.1666666666666665,5.833333333333333,14.333333333333334,30.416666666666668,53.666666666666664,0.27068722315684196,0.22839171123064425,0.044448852990463715,0.5435277873779499,,
1.0,32,10,1,0.0026280947495251894,2.9566984932098546,1.2354030859005412,12.083333333333334,2.9166666666666665,5.833333333333333,12.083333333333334,23.666666666666668,36.333333333333336,0.2708587126408239,0.5607180916860958,0.0774084663956142,0.9089852707225339,,
1.0,32,10,2,0.0021823393180966377,1.4748248631926686,0.7458639026727636,13.25,2.75,5.0,13.25,23.083333333333332,46.166666666666664,0.33971936095528416,0.20943314231216992,0.03471422270770883,0.5838667259751629,,
1.0,32,60,0,6.507840589620173e-05,0.7390724185340652,0.10657839644778372,53.833333333333336,13.333333333333334,23.083333333333332,53.833333333333336,84.5,91.08333333333333,0.05496839468430179,0.03849975133409858,0.01025261255970786,0.10372075857810824,,
1.0,32,60,1,8.151171641657129e-05,1.2082563364862722,0.20829714624020856,48.416666666666664,14.666666666666666,25.166666666666668,48.416666666666664,70.0,80.5,0.06993093716380848,0.03785404335208839,0.017552381985318475,0.12533736250121535,,
1.0,32,60,2,7.3835180955939e-05,0.8776044679372715,0.11382919636954325,56.583333333333336,17.75,31.333333333333332,56.583333333333336,74.58333333333333,82.25,0.07859964260309765,0.08876853264616745,0.02467764244980303,0.19204581769906814,,
1.0,128,10,0,0.0003160542109981179,1.2277097938390615,0.16000348771628126,39.833333333333336,14.166666666666666,26.75,39.833333333333336,57.5,73.33333333333333,0.10128062840007433,0.15584905399269786,0.026943774250704867,0.28407345664347705,,
1.0,128,10,1,0.0005472078919410706,2.0923229123655744,0.3331832638482059,34.75,8.666666666666666,13.916666666666666,34.75,51.583333333333336,69.83333333333333,0.31044943903138894,0.12718716859336754,0.032999654022966556,0.47063626164772304,,
1.0,128,10,2,0.0006160067277960479,1.5956134967665132,0.27896985932663504,36.083333333333336,6.916666666666667,14.666666666666666,36.083333333333336,51.916666666666664,69.16666666666667,0.12184267695969962,0.20994185327637738,0.02637748091082244,0.35816201114689944,,
1.0,128,60,0,2.3446929844794795e-05,0.6745278644700728,0.05047076579276364,62.916666666666664,23.833333333333332,44.25,62.916666666666664,81.91666666666667,91.5,0.030766442967724114,0.042476348456930844,0.014982408148012442,0.0882251995726674,,
1.0,128,60,1,2.0639397916966118e-05,0.8423863737669347,0.05636578271385112,67.33333333333333,28.0,49.333333333333336,67.33333333333333,85.66666666666667,96.5,0.03492167137537644,0.02054409501954152,0.010816613353945079,0.06628237974886304,,
1.0,128,60,2,2.449098610668443e-05,0.817142315969981,0.09223409814183414,63.25,21.833333333333332,34.583333333333336,63.25,79.0,88.25,0.04388052320721726,0.03747020336304835,0.011523836607560881,0.0928745631778265,,
10.0,32,10,0,0.007448072545230389,1.6646595943241307,1.6676163094274168,5.666666666666667,1.5833333333333333,3.0,5.666666666666667,12.333333333333334,27.583333333333332,0.3897157234684126,0.1763059354807091,0.046135433004837495,0.6121570919539592,,
10.0,32,10,1,0.0077215321362018585,2.560497653968619,1.8332394157009695,5.916666666666667,1.5,2.5,5.916666666666667,11.0,18.75,0.34036982831670104,0.2647440019584348,0.03530804165497906,0.6404218719301149,,
10.0,32,10,2,0.0080449553206563,1.847701101643513,1.1657602305876429,6.75,1.6666666666666667,2.75,6.75,21.416666666666668,34.083333333333336,0.3212026564418801,0.18661389209387355,0.07032985157811486,0.5781464001138685,,
10.0,32,60,0,0.0002760264615062624,1.2963955003908725,0.2756879764263928,33.25,7.083333333333333,12.583333333333334,33.25,50.416666666666664,75.75,0.05947710754161371,0.19849919321310308,0.015411864416162671,0.27338816517087944,,
10.0,32,60,1,0.00036263876245357096,1.6769894930745741,0.42210473838630774,27.666666666666668,5.833333333333333,12.583333333333334,27.666666666666668,44.416666666666664,58.25,0.09332561583678702,0.0888134989740899,0.030224431945879704,0.21236354675675662,,
10.0,32,60,2,0.00035193079384043813,0.9487891054786549,0.27308820562634284,27.5,7.25,12.5,27.5,50.0,77.58333333333333,0.06696595868059631,0.0556308031571398,0.015039836651481434,0.13763659848921755,,
10.0,128,10,0,0.001860463642515242,1.3839763447261964,0.7819525114301514,16.75,3.0,6.166666666666667,16.75,37.0,51.916666666666664,0.10841302457868918,0.19237360358219227,0.01994839188776264,0.32073502004864407,,
10.0,128,10,1,0.0029126028530299664,2.1000354263302623,0.7571498678108276,14.583333333333334,3.5,6.0,14.583333333333334,33.916666666666664,56.5,0.22104948094412147,0.10121811867939867,0.028334302128661962,0.3506019017521821,,
10.0,128,10,2,0.0036972793750464916,1.3995837048360344,0.5349900392625173,12.166666666666666,2.3333333333333335,3.9166666666666665,12.166666666666666,23.916666666666668,51.333333333333336,0.12672695854345098,0.118874454044989,0.013779586589505458,0.25938099917794544,,
10.0,128,60,0,9.988529200199991e-05,0.7091796534100664,0.1050013385202644,57.5,15.166666666666666,30.25,57.5,74.08333333333333,87.33333333333333,0.04811052789548326,0.03896334985607611,0.009708005872569597,0.09678188362412896,,
10.0,128,60,1,0.00013823123299516737,1.0491770871454338,0.11210083308080547,48.5,15.583333333333334,25.416666666666668,48.5,69.66666666666667,89.08333333333333,0.05611006210359997,0.04790128620581982,0.007479069656819116,0.1114904179662389,,
10.0,128,60,2,0.00011906077997991815,0.7555510125538372,0.1334098591738355,54.916666666666664,14.166666666666666,22.5,54.916666666666664,75.5,85.5,0.022645559735289846,0.026742611129092677,0.007719131014475371,0.057107301878857895,,
100.0,32,10,0,0.038068391382694244,2.112924703626978,2.027171536129495,3.0,1.1666666666666667,1.4166666666666667,3.0,6.0,19.333333333333332,0.15566035197515446,0.11460496615355749,0.02463914943029888,0.29490446755901084,,
100.0,32,10,1,0.028649216517806053,3.2450484337124252,1.8292709216583862,3.5833333333333335,1.0833333333333333,1.5,3.5833333333333335,6.0,15.916666666666666,0.24016386938184564,0.16977881359350575,0.019118063852217565,0.42906074682756895,,
100.0,32,10,2,0.04344303905963898,2.6530901179903617,1.7878515511282087,3.3333333333333335,1.0833333333333333,1.5,3.3333333333333335,5.833333333333333,19.083333333333332,0.12178479747184932,0.24167172800227146,0.026359424095839128,0.3898159495699599,,
100.0,32,60,0,0.004213524982333183,2.088297291828542,1.331800543418894,9.833333333333334,2.0833333333333335,3.8333333333333335,9.833333333333334,20.166666666666668,36.583333333333336,0.09949539030518549,0.08515242262387784,0.011844042201660592,0.19649185513072392,,
100.0,32,60,1,0.004610602743923664,2.383376715532969,1.5664369884925016,6.833333333333333,2.0,3.3333333333333335,6.833333333333333,15.166666666666666,29.0,0.08804046577816858,0.07384377154148128,0.021737134174031232,0.1836213714936811,,
100.0,32,60,2,0.0058169797994196415,2.101780627804711,1.1239153213899333,8.5,2.25,3.75,8.5,18.833333333333332,36.0,0.08039964766211304,0.054180816741863154,0.009116042974351979,0.14369650737832818,,
100.0,128,10,0,0.017997797578573227,1.4781300669988091,2.0803724688681644,5.25,1.1666666666666667,1.9166666666666667,5.25,11.166666666666666,27.166666666666668,0.17071333196981942,0.14165532168477032,0.02912551130616074,0.34149416496075047,,
100.0,128,10,1,0.012739913538098335,2.927441359014251,2.029795030560717,6.083333333333333,1.4166666666666667,2.5,6.083333333333333,10.916666666666666,19.333333333333332,0.3388558686420642,0.09378084939700493,0.021080299091669665,0.45371701713073875,,
100.0,128,10,2,0.017686037346720695,2.0311765617458026,1.94383803227636,4.916666666666667,1.25,2.3333333333333335,4.916666666666667,8.916666666666666,26.083333333333332,0.18202674864590307,0.117611103420578,0.017011530639452023,0.31664938270593307,,
100.0,128,60,0,0.0013318321434780955,1.7630299275354313,0.621818368649305,17.083333333333332,4.333333333333333,7.5,17.083333333333332,31.25,58.0,0.05405268861092331,0.01994794877044825,0.005791837802921626,0.0797924751842932,,
100.0,128,60,1,0.0014931259211152792,1.396567289940182,0.4482345073528648,19.416666666666668,4.75,7.25,19.416666666666668,36.5,62.0,0.04491443695791282,0.030363363450146817,0.008639911781931214,0.08391771218999085,,
100.0,128,60,2,0.0017906510038301349,1.518049561239746,0.5202255410834652,21.083333333333332,3.1666666666666665,5.416666666666667,21.083333333333332,40.25,65.33333333333333,0.03762748418108837,0.05828791142014408,0.01516756721614583,0.11108296281737828,,
